DATE,AWND,PRCP,TAVG,incident_count,daylight_hours,daylight_trend,daylight_corrected_total,detrended,temp_trend,temp_corrected_total,TAVG_daylight_trend,all_detrended,time
2015-01-05,67.78999999999999,1.19,33.2,3.0,9.020912235392917,2.7620687094932412,4.327674880250348,4.327674880250348,2.503377784278506,4.586365805465084,2.4840893261829167,4.605654263560673,0
2015-01-12,83.67,0.23,20.714285714285715,5.0,9.157936948210038,2.8229197718929875,6.266823817850602,6.266823817850602,1.5105691937643495,7.579174395979241,1.5164007811252724,7.573342808618317,7
2015-01-19,80.52,0.27,27.0,2.0,9.338895291425956,2.903281242524077,3.1864623472195124,3.1864623472195124,2.0103812988286847,4.079362290914906,2.0081957981455356,4.081547791598053,14
2015-01-26,78.28999999999999,0.8099999999999999,29.714285714285715,11.0,9.558202577180026,3.0006730272304667,12.089070562513122,12.089070562513122,2.2262092532882836,12.863534336455306,2.2231763677562,12.86656722198739,21
2015-02-02,102.91,1.85,20.571428571428573,0.0,9.809899397981269,3.1124486232781345,0.9772949664654549,0.9772949664654549,1.4992098277401602,2.59053376200343,1.5173747923639183,2.572368797379671,28
2015-02-09,87.69,1.42,20.714285714285715,2.0,10.088105799601378,3.2359968121919733,2.853746777551616,2.853746777551616,1.5105691937643495,4.579174395979241,1.5336284427599247,4.5561151469836645,35
2015-02-16,93.72,0.71,16.714285714285715,2.0,10.387344923178,3.3688853854051057,2.7208582043384837,2.7208582043384837,1.1925069450870454,4.8972366446565445,1.228342978607671,4.8614006111359185,42
2015-02-23,76.72,0.37,21.571428571428573,0.0,10.702725571912636,3.508942219980905,0.5808013697626846,0.5808013697626846,1.5787253899094862,2.511018199834104,1.6116177484340741,2.4781258413095153,49
2015-03-02,66.67,0.27,21.0,1.0,11.029999289098178,3.6542806262933025,1.435462963450287,1.435462963450287,1.5332879258127283,3.556455663930862,1.573275233139864,3.5164683566037254,56
2015-03-09,73.16,0.28,29.714285714285715,2.0,11.365519571272923,3.8032812350684875,2.286462354675102,2.286462354675102,2.2262092532882836,3.8635343364553068,2.256649694232588,3.833093895511001,63
2015-03-16,76.49,1.1400000000000001,36.714285714285715,8.0,11.706132334648105,3.9545433548144047,8.135200234929185,8.135200234929185,2.782818188473566,9.306925401270025,2.8069066131838416,9.282836976559748,70
2015-03-23,94.86,0.28,29.142857142857142,2.0,12.049022589160156,4.106816881571767,1.9829267081718225,1.9829267081718225,2.180771789191526,3.9089718005520644,2.224904903478023,3.8648386862655664,77
2015-03-30,65.55,1.1700000000000002,36.142857142857146,4.0,12.391536491751848,4.25892327487036,3.83082031487323,3.83082031487323,2.7373807243768082,5.352362865366782,2.7751970334375717,5.314546556306018,84
2015-04-06,87.24000000000001,0.42000000000000004,43.285714285714285,6.0,12.73099314658663,4.409671980419039,5.680071609324551,5.680071609324551,3.3053490255862794,6.784394564157311,3.3365335284312843,6.753210061312306,91
2015-04-13,87.68,0.47000000000000003,44.42857142857143,5.0,13.064498063774552,4.557777589321208,4.531966000422382,4.531966000422382,3.396223953779795,5.693519635963796,3.4315182812309133,5.658225308512677,98
2015-04-20,79.86,0.6799999999999999,52.285714285714285,0.0,13.38877060717369,4.701783209674092,-0.6120396199305027,-0.6120396199305027,4.020989085110214,0.06875450463337618,4.0480784928965505,0.041665096847038896,105
2015-04-27,84.1,0.64,49.285714285714285,2.0,13.700000972952914,4.839996952431604,1.2497466373119854,1.2497466373119854,3.7824423986022357,2.3073011911413546,3.8207220369359502,2.269021552807639,112
2015-05-04,68.45,0.07,50.714285714285715,4.0,13.99375751004583,4.970450773508621,3.1192928162349682,3.1192928162349682,3.89603605884413,4.19370753089946,3.9371725864707203,4.152571003272869,119
2015-05-11,71.81,0.02,63.142857142857146,5.0,14.264970841846251,5.090893422412815,3.998850167330774,3.998850167330774,4.884300902948611,4.20544268679498,4.907981714922977,4.181761874820612,126
2015-05-18,65.33,0.02,59.0,3.0,14.508024266728192,5.198830588051707,1.8909130016918825,1.8909130016918825,4.554879288247117,2.534864301496473,4.5905546468490375,2.499188942894552,133
2015-05-25,85.9,0.27,61.0,10.0,14.716975905937966,5.291623551997219,8.79812003774637,8.79812003774637,4.713910412585769,9.375833177157821,4.74983847781112,9.33990511193247,140
2015-06-01,95.75,1.29,67.42857142857143,5.0,14.885922221206833,5.366650622379434,3.7230929673641553,3.7230929673641553,5.225081883674294,3.8646617060692963,5.252512008339884,3.8372315814037057,147
2015-06-08,66.2,0.83,54.714285714285715,0.0,15.009482333068474,5.421522213951731,-1.331778624208142,-1.331778624208142,4.214098307521434,-0.12435471777784368,4.266812504010543,-0.17706891426695393,154
2015-06-15,74.05,0.4,70.0,7.0,15.083341979693103,5.454322413807483,5.635421175936107,5.635421175936107,5.429550472109703,5.660193117633887,5.455986210621816,5.633757379121773,161
2015-06-22,55.48,1.76,65.14285714285714,5.0,15.10475833029395,5.463833163073029,3.6259104266705604,3.6259104266705604,5.043332027287263,4.046411562456328,5.078949259590827,4.010794330152763,168
2015-06-29,70.24,1.64,67.28571428571429,6.0,15.072912164332422,5.449690655548097,4.640052934195492,4.640052934195492,5.213722517650105,4.876021072093486,5.244874261614451,4.844869328129138,175
2015-07-06,55.46,0.54,70.42857142857143,15.0,14.989017725952124,5.412434122767149,13.67730946697644,13.67730946697644,5.463628570182272,13.626115019561318,5.487542195680763,13.602201394062826,182
2015-07-13,61.29,1.29,74.14285714285714,8.0,14.856160663482553,5.353433864840151,6.736309724903438,6.736309724903438,5.758972086811196,6.330771502932394,5.773707246094481,6.316036343649109,189
2015-07-20,65.31,0.17,72.57142857142857,9.0,14.678907444203029,5.274717796145814,7.815025793597775,7.815025793597775,5.634019060545113,7.455724529198477,5.648313466718141,7.441430123025448,196
2015-07-27,59.27,0.06999999999999999,72.71428571428571,8.0,14.46278387203219,5.178739861174506,6.911003728569083,6.911003728569083,5.6453784265693026,6.444365163174288,5.655411629364156,6.434331960379433,203
2015-08-03,75.6,0.02,79.0,9.0,14.213736037269282,5.068140648652122,8.021602941091468,8.021602941091468,6.145190531633638,6.944553058109952,6.139242499956652,6.950501089786937,210
2015-08-10,62.18,0.49,71.14285714285714,3.0,13.937666247175057,4.945541303772418,2.144202285971171,2.144202285971171,5.5204254003032185,1.5693181894403718,5.523575051709778,1.5661685380338115,217
2015-08-17,57.94,0.9099999999999999,74.57142857142857,13.0,13.640096802208431,4.813394215180531,12.27634937456306,12.27634937456306,5.793050184883765,11.296693404859825,5.784487486650843,11.305256103092747,224
2015-08-24,54.35,0.79,73.0,6.0,13.3259751860513,4.673896502155596,5.415847087587993,5.415847087587993,5.668097158617681,4.421646431125909,5.6565587670576205,4.433184822685969,231
2015-08-31,61.519999999999996,0.0,74.28571428571429,6.0,12.999606817355827,4.5289601504531305,5.560783439290459,5.560783439290459,5.770331452835387,4.319412136908204,5.750422991986077,4.339320597757513,238
2015-09-07,63.54,0.01,72.85714285714286,3.0,12.6646883143178,4.380226784710581,2.709516805033008,2.709516805033008,5.656737792593493,1.4330057971500976,5.63321008148807,1.4565335082555197,245
2015-09-14,72.25,1.42,70.71428571428571,2.0,12.324411987455097,4.2291140724605345,1.860629517283055,1.860629517283055,5.48634730223065,0.6033962875129406,5.460392997039379,0.6293505927042107,252
2015-09-21,64.65,0.0,70.85714285714286,2.0,11.981616119087448,4.076882461479127,2.012861128264462,2.012861128264462,5.497706668254841,0.5920369214887495,5.465145061496771,0.6245985282468185,259
2015-09-28,55.47,0.0,61.285714285714285,6.0,11.638961352886128,3.9247135123092383,6.165030077434351,6.165030077434351,4.736629144634148,5.353114445109442,4.71503253258735,5.374711057156239,266
2015-10-05,109.38,2.59,59.142857142857146,4.0,11.299118479092344,3.773793291466048,4.315950298277541,4.315950298277541,4.566238654271307,3.5235049354722836,4.542223476124971,3.547520113618618,273
2015-10-12,67.55,0.34,58.285714285714285,0.0,10.96495559826036,3.6253954886527344,0.464348101090855,0.464348101090855,4.49808245812617,-0.4083388683825797,4.469428513845878,-0.37968492410228816,280
2015-10-19,74.73,0.12,51.857142857142854,3.0,10.639712489174599,3.4809588515004304,3.608784738243159,3.608784738243159,3.9869109870376453,3.102832602705945,3.9638602096699094,3.12588338007368,287
2015-10-26,68.22,0.1,53.0,2.0,10.327147025989879,3.3421522076971053,2.747591382046484,2.747591382046484,4.077785915231161,2.0119576745124297,4.046879089941575,2.0428644998020147,294
2015-11-02,77.62,1.0899999999999999,53.285714285714285,3.0,10.03163335249462,3.2109180630224996,3.87882552672109,3.87882552672109,4.10050464727954,2.98923894246405,4.063607856484836,3.0261357332587533,301
2015-11-09,74.28,0.0,58.0,2.0,9.758185806508601,3.0894832258916196,3.00026036385197,3.00026036385197,4.475363726077791,1.6143798636657989,4.424875948236569,1.66486764150702,308
2015-11-16,85.47,0.6600000000000001,48.42857142857143,3.0,9.512379173467089,2.9803233929099324,4.109420196833657,4.109420196833657,3.7142862024570995,3.375457387286491,3.676557144053073,3.4131864456905165,315
2015-11-23,62.86,1.2,44.285714285714285,3.0,9.300139027001254,2.8860700415924896,4.2036735481511,4.2036735481511,3.384864587755606,3.7048790019879845,3.350697581620846,3.7390460081227435,322
2015-11-30,65.99,0.21,42.42857142857143,8.0,9.127390540690037,2.8093544717958547,9.280389117947735,9.280389117947735,3.237192829441143,8.852550760302446,3.2031852577565663,8.886558331987024,329
2015-12-07,56.81,0.46,43.57142857142857,3.0,8.999583100420892,2.752596691662067,4.337146898081523,4.337146898081523,3.3280677576346585,3.761675832108932,3.2896260422323076,3.800117547511282,336
2015-12-14,48.99,0.42,47.142857142857146,4.0,8.92114810979289,2.7177646353789195,5.371978954364669,5.371978954364669,3.6120519082393945,4.477691681504195,3.565698055758285,4.524045533985305,343
2015-12-21,83.2,0.78,44.0,8.0,8.894986040766932,2.7061463684103195,9.38359722133327,9.38359722133327,3.362145855707227,8.727597734036364,3.3209917646050306,8.768751825138558,350
2015-12-28,56.36,1.49,49.42857142857143,8.0,8.922096332745532,2.718185730033116,9.371557859710475,9.371557859710475,3.7938017646264255,8.295941825117165,3.743331431146059,8.34641215859753,357
2016-01-04,83.2,1.1300000000000001,33.857142857142854,5.0,9.00521194940504,2.755096397253352,6.334647192490237,6.334647192490237,2.555630867989777,6.5341127217538135,2.5348630874499016,6.554880502293688,364
2016-01-11,77.86,1.39,34.142857142857146,3.0,9.135550721199825,2.8129783119279415,4.276765277815648,4.276765277815648,2.5783496000381563,4.511393989705434,2.5594790691184306,4.530264520625159,371
2016-01-18,81.89,1.51,30.571428571428573,4.0,9.310559515572242,2.890697657934334,5.1990459318092554,5.1990459318092554,2.2943654494334202,5.79537814031017,2.2851956994619953,5.804547890281594,378
2016-01-25,104.69,0.37,25.714285714285715,2.0,9.524749950087097,2.985817109222566,3.1039264805210234,3.1039264805210234,1.9081470046109796,4.181596585132611,1.9117291181382194,4.17801447160537,385
2016-02-01,81.21,0.0,39.714285714285715,2.0,9.7721857120979,3.095700419207266,2.9940431705363233,2.9940431705363233,3.021364874981544,3.0683787147620465,3.004208733784917,3.0855348559586724,392
2016-02-08,87.0,1.83,38.42857142857143,4.0,10.04695236629741,3.217721056771958,4.872022532971632,4.872022532971632,2.9191305807638392,5.1706130089797515,2.9093887932616265,5.1803547964819625,399
2016-02-15,81.19,0.27,17.857142857142858,2.0,10.343501081333573,3.3494148512140907,2.7403287385294988,2.7403287385294988,1.2833818732805609,4.806361716463029,1.3163388532814182,4.7734047364621714,406
2016-02-22,80.77,0.67,39.42857142857143,2.0,10.656850844408215,3.488569793368571,2.6011737963750186,2.6011737963750186,2.9986461429331652,3.091097446810425,2.9983916441579983,3.091351945585591,413
2016-02-29,107.82,1.4,40.714285714285715,0.0,10.98266191899335,3.633258657315099,0.45648493242849053,0.45648493242849053,3.10088043715087,0.9888631525927205,3.1043348875970267,0.9854087021465627,420
2016-03-07,81.42,0.38,34.42857142857143,1.0,11.317207207472473,3.781826282864179,1.3079173068794105,1.3079173068794105,2.601068332086535,2.4886752576570554,2.6220875157435444,2.467656074000045,427
2016-03-14,76.05,0.7,49.857142857142854,0.0,11.657270880476055,3.9328445580379867,0.1568990317056027,0.1568990317056027,3.8278798626989934,0.26186372704459693,3.827292576703006,0.26245101304058327,434
2016-03-21,81.87,1.5099999999999998,40.57142857142857,4.0,12.0,4.085046526643433,4.004697063100156,4.004697063100156,3.0895210711266805,5.00022251861691,3.1120760226057875,4.977667567137802,441
2016-03-28,78.52,0.57,40.714285714285715,6.0,12.342729119523945,4.2372484952488785,5.852495094494711,5.852495094494711,3.10088043715087,6.988863152592721,3.1295246985610063,6.960218891182583,448
2016-04-04,109.39,1.27,46.57142857142857,0.0,12.682792792527527,4.388266770422686,-0.2985231806790969,-0.2985231806790969,3.5666144441426364,0.5231291456009539,3.5909635411339034,0.49878004860968606,455
2016-04-11,92.62,1.04,40.857142857142854,2.0,13.01733808100665,4.536834395971766,1.5529091937718231,1.5529091937718231,3.112239803175059,2.977503786568531,3.153120122616932,2.9366234671266573,462
2016-04-18,77.62,0.22,47.42857142857143,0.0,13.343149155591785,4.681523259918294,-0.5917796701747049,-0.5917796701747049,3.6347706402877735,0.4549729494558168,3.669799934418691,0.4199436553248983,469
2016-04-25,60.62,0.11,53.142857142857146,7.0,13.656498918666427,4.8206782020727745,6.269065387670815,6.269065387670815,4.089145281255351,7.0005983084882395,4.119643020207081,6.970100569536508,476
2016-05-02,72.24000000000001,0.76,47.142857142857146,3.0,13.95304763370259,4.952371996514907,2.137371593228682,2.137371593228682,3.6120519082393945,3.477691681504196,3.6588938903079127,3.4308496994356767,483
2016-05-09,80.53,0.84,48.57142857142857,4.0,14.2278142879021,5.074392634079599,3.0153509556639904,3.0153509556639904,3.7256455684812884,4.364098021262302,3.77499272813305,4.3147508616105394,490
2016-05-16,85.0,0.11,59.0,5.0,14.475250049912903,5.184275944064299,3.9054676456792903,3.9054676456792903,4.554879288247117,4.534864301496473,4.589947635426552,4.499795954317038,497
2016-05-23,58.39,0.0,58.714285714285715,4.0,14.689440484427758,5.279395395352531,2.810348194391058,2.810348194391058,4.532160556198739,3.5575830335448515,4.571712680794867,3.518030908948722,504
2016-05-30,56.82,1.39,64.57142857142857,7.0,14.864449278800175,5.357114741358924,5.732628848384666,5.732628848384666,4.9978945631905045,6.091849026553086,5.030094541190869,6.05964904855272,511
2016-06-06,63.980000000000004,0.91,66.28571428571429,7.0,14.99478805059496,5.414996656033513,5.674746933710076,5.674746933710076,5.134206955480779,5.9555366342628115,5.165720406200677,5.9240231835429125,518
2016-06-13,94.61,0.16999999999999998,65.0,4.0,15.07595710778364,5.4510428791006555,2.638700710642934,2.638700710642934,5.031972661263073,3.057770928480517,5.067314843680266,3.0224287460633237,525
2016-06-20,71.8,0.12,69.0,10.0,15.104962832174774,5.463923979951641,8.625819609791948,8.625819609791948,5.350034909940377,8.739708679803213,5.378679732192567,8.711063857551022,532
2016-06-27,71.13,0.02,70.14285714285714,5.0,15.080698164623966,5.453148326648766,3.636595263094823,3.636595263094823,5.4409098381338925,3.648833751609698,5.467038232844718,3.622705356898871,539
2016-07-04,75.83,0.31,74.14285714285714,3.0,15.004090577105783,5.419127798581069,1.6706157911625201,1.6706157911625201,5.758972086811196,1.3307715029323939,5.7764470567145985,1.313296533028991,546
2016-07-11,55.46,0.45,67.14285714285714,11.0,14.877977838985535,5.363122615727665,9.726620974015924,9.726620974015924,5.202363151625915,9.887380438117676,5.230162893731456,9.859580696012134,553
2016-07-18,71.37,0.01,78.28571428571429,0.0,14.706744993810743,5.287080124323038,-1.1973365345794482,-1.1973365345794482,6.088393701512691,-1.9986501117691011,6.092868579469367,-2.0031249897257775,560
2016-07-25,75.16,0.0,78.71428571428571,6.0,14.495814552445974,5.193408397627838,4.896335192115751,4.896335192115751,6.1224717995852584,3.967271790158332,6.122264900783515,3.9674786889600746,567
2016-08-01,65.1,0.21,77.28571428571429,9.0,14.251103497874405,5.084735098151441,8.005008491592148,8.005008491592148,6.008878139343365,7.080865450400226,6.006722722859257,7.083020866884333,574
2016-08-08,69.57,0.06,74.57142857142857,0.0,13.978544268621436,4.963694752027637,-0.8739511622840475,-0.8739511622840475,5.793050184883765,-1.703306595140175,5.790755873754698,-1.7010122840111084,581
2016-08-15,76.28,0.76,79.28571428571429,4.0,13.683728621715463,4.832770592746674,3.2569729969969154,3.2569729969969154,6.167909263682017,1.921834326061573,6.1516282068096375,1.938115382933952,588
2016-08-22,75.62,0.9,75.42857142857143,12.0,13.371692989323314,4.694199240563067,11.395544349180522,11.395544349180522,5.861206381028902,10.228537208714688,5.846122308385409,10.24362128135818,595
2016-08-29,75.61,0.0,75.71428571428571,6.0,13.046834496407307,4.5499334069254305,5.539810182818159,5.539810182818159,5.8839251130772805,4.20581847666631,5.862307579391322,4.2274360103522675,602
2016-09-05,76.95,0.09000000000000001,69.0,5.0,12.712931695394627,4.401651102499145,4.688092487244444,4.688092487244444,5.350034909940377,3.739708679803213,5.334376912352535,3.755366677391055,609
2016-09-12,70.91,0.21000000000000002,71.42857142857143,5.0,12.373240567815605,4.250798270364119,4.83894531937947,4.83894531937947,5.543144132351598,3.5465994573919923,5.516802293074598,3.5729412966689917,616
2016-09-19,77.17,0.39,68.42857142857143,6.0,12.03063960275298,4.098653213646772,5.9910903760968175,5.9910903760968175,5.30459744584362,4.78514614389997,5.2773362239861985,4.812407365757391,623
2016-09-26,62.65,0.34,65.71428571428571,6.0,11.687803452962294,3.946403714159442,6.1433398755841475,6.1433398755841475,5.08876949138402,5.0009740983595705,5.0600677757086086,5.029675814034981,630
2016-10-03,89.48,1.0899999999999999,58.42857142857143,3.0,11.347389861110942,3.7952300441433264,3.294513545600263,3.294513545600263,4.509441824150359,2.580301765593231,4.487612568945822,2.602131020797767,637
2016-10-10,63.760000000000005,1.85,57.0,5.0,11.012227622035663,3.646388438095018,5.443355151648571,5.443355151648571,4.3958481639084654,4.693895425835125,4.370395144211533,4.719348445532057,644
2016-10-17,61.96,0.0,55.857142857142854,5.0,10.685493608886993,3.501289707993939,5.5884538817496505,5.5884538817496505,4.304973235714949,4.784770354028641,4.275535795357192,4.814207794386397,651
2016-10-24,88.81,1.48,60.0,6.0,10.37086428970918,3.361566530032375,6.728177059711214,6.728177059711214,4.634394850416443,5.455348739327147,4.591637205959069,5.4981063837845205,658
2016-10-31,86.34,1.3900000000000001,46.857142857142854,4.0,10.072622260783437,3.2291207548194834,4.860622834924106,4.860622834924106,3.5893331761910154,4.500410413552575,3.564822537210661,4.524921052532928,665
2016-11-07,59.5,0.16999999999999998,48.57142857142857,8.0,9.795692548512866,3.1061395286211777,8.983604061122412,8.983604061122412,3.7256455684812884,8.3640980212623,3.692905380727713,8.396838209015876,672
2016-11-14,75.16,0.01,48.285714285714285,8.0,9.545579456271474,2.99506724778898,9.09467634195461,9.09467634195461,3.7029268364329098,8.38681675331068,3.666071058311601,8.423672531431988,679
2016-11-21,86.12,1.1,47.285714285714285,2.0,9.328176666963866,2.898521227541578,3.1912223622020113,3.1912223622020113,3.623411274263584,2.4663323154800065,3.5843376218980376,2.505405967845552,686
2016-11-28,68.22,0.08,39.142857142857146,1.0,9.149436041378262,2.8191446192111114,2.270598970532478,2.270598970532478,2.9759274108847866,2.1138161788588037,2.9482708308926866,2.141472758850903,693
2016-12-05,83.23,1.79,42.57142857142857,8.0,9.014907458673045,2.7594020588185915,9.330341530924997,9.330341530924997,3.2485521954653325,8.841191394278258,3.2122029464040693,8.87754064333952,700
2016-12-12,72.71,0.52,34.285714285714285,7.0,8.929201056491292,2.7213408542373405,8.36840273550625,8.36840273550625,2.5897089660623456,8.500034623681245,2.566758254350137,8.522985335393452,707
2016-12-19,93.72,0.64,30.428571428571427,3.0,8.895463201941707,2.706358270072611,4.383385319670978,4.383385319670978,2.2830060834092305,4.806737506334359,2.2664067103672294,4.82333687937636,714
2016-12-26,72.26,0.41000000000000003,34.714285714285715,2.0,8.914979333865507,2.7150251545862227,3.3747184351573667,3.3747184351573667,2.623787064134914,3.4659565256086764,2.599797818761443,3.4899457709821466,721
2017-01-02,92.38000000000001,1.2999999999999998,38.142857142857146,4.0,8.976840332210228,2.742496895945822,5.347246693797768,5.347246693797768,2.89641184871546,5.19333174102813,2.867367266619355,5.222376323124235,728
2017-01-09,92.38,1.55,28.714285714285715,2.0,9.093532870403624,2.7943186788724406,3.295424910871149,3.295424910871149,2.1466936911189576,3.9430498986246327,2.1368632996110173,3.952880290132572,735
2017-01-16,83.67,0.38,36.42857142857143,3.0,9.25630596381586,2.866604294077103,4.223139295666487,4.223139295666487,2.7600994564251873,4.3296441333184035,2.739331390876134,4.350412198867455,742
2017-01-23,82.1,1.03,39.285714285714285,6.0,9.459897506918905,2.9570169024213984,7.132726687322191,7.132726687322191,2.9872867769089755,7.102456812834615,2.965121877477993,7.124621712265597,749
2017-01-30,107.59,1.1600000000000001,38.0,4.0,9.698446722119309,3.062953801548084,5.026789788195505,5.026789788195505,2.885052482691271,5.204691107052319,2.8696311535980925,5.220112436145497,756
2017-02-06,83.21,0.11,31.142857142857142,2.0,9.965991737540723,3.1817673943185945,2.907976195424995,2.907976195424995,2.339802913530178,3.7499406762134124,2.3417389160383273,3.748004673705262,763
2017-02-13,103.12,2.78,28.142857142857142,1.0,10.256852495480263,3.3109352339523,1.7788083557912895,1.7788083557912895,2.1012562270222,2.9884873627213904,2.1140051944759297,2.9757383952676597,770
2017-02-20,82.32,0.29000000000000004,35.857142857142854,1.0,10.565873055316986,3.4481676278966384,1.641575961846951,1.641575961846951,2.714661992328429,2.375081597415161,2.7191819357487494,2.37056165399484,777
2017-02-27,86.57,0.1,46.42857142857143,5.0,10.888529476763795,3.591455547509672,5.498288042233917,5.498288042233917,3.5552550781184475,5.534488511625143,3.546630993560601,5.543112596182988,784
2017-03-06,103.79,0.02,34.42857142857143,1.0,11.220927313749398,3.7390695151225595,1.35067407462103,1.35067407462103,2.601068332086535,2.4886752576570554,2.6203043153828784,2.469439274360711,791
2017-03-13,96.64,0.29000000000000004,32.142857142857146,2.0,11.559718170016282,3.8895225473626223,2.200221042380967,2.200221042380967,2.4193184756995043,3.670425114044086,2.4489632490657725,3.640780340677817,798
2017-03-20,108.05,1.6300000000000001,31.714285714285715,1.0,11.901962456910729,4.041509207503015,1.0482343822405742,1.0482343822405742,2.385240377626936,2.7045032121166543,2.4219989920970875,2.667744597646502,805
2017-03-27,80.52,0.59,37.142857142857146,1.0,12.244960002411208,4.193830380925694,0.8959132088178956,0.8959132088178956,2.816896286546134,2.272847303197456,2.850189207933799,2.2395543818097905,812
2017-04-03,81.21,3.21,39.714285714285715,5.0,12.58606470692247,4.345310965940781,4.744432623802808,4.744432623802808,3.021364874981544,6.068378714762046,3.0563245997711648,6.033418989972425,819
2017-04-10,93.96,2.04,46.0,3.0,12.92249587336705,4.494716087700545,2.5950275020430444,2.5950275020430444,3.5211769800458788,3.5685666096977116,3.5509991296755254,3.538744460068064,826
2017-04-17,87.46000000000001,0.02,59.42857142857143,8.0,13.251158002757148,4.640671071533589,7.44907251821,7.44907251821,4.588957386319685,7.500786203423905,4.60057918591476,7.48916440382883,833
2017-04-24,79.65,0.64,47.285714285714285,8.0,13.568482908531637,4.781591327779982,7.308152261963607,7.308152261963607,3.623411274263584,8.466332315480006,3.6628723535736523,8.426871236169937,840
2017-05-01,74.27,1.47,55.714285714285715,6.0,13.870312531699682,4.915630311375617,5.174113278367972,5.174113278367972,4.29361386969076,5.79612972005283,4.323420853145534,5.766322736598055,847
2017-05-08,85.9,0.9299999999999999,52.714285714285715,4.0,14.151846607935793,5.040656281424999,3.0490873083185903,3.0490873083185903,4.055067183182782,4.034676406560808,4.095514392067811,3.9942291976757787,854
2017-05-15,79.19999999999999,1.05,49.285714285714285,5.0,14.407683947454238,5.154270633107674,3.9354729566359152,3.9354729566359152,3.7824423986022357,5.307301191141354,3.8338290366071135,5.255914553136476,861
2017-05-22,83.2,0.18,67.42857142857143,4.0,14.631985696522975,5.25388040019524,2.8358631895483493,2.8358631895483493,5.225081883674294,2.8646617060692963,5.247808848781928,2.841934740961661,868
2017-05-29,65.32,1.23,55.57142857142857,4.0,14.818778702691333,5.33683297597883,2.752910613764759,2.752910613764759,4.282254503666571,3.8074890860770196,4.32988641118771,3.7598571785558796,875
2017-06-05,74.71000000000001,1.0,60.142857142857146,4.0,14.962393056126878,5.400610420227658,2.689133169515931,2.689133169515931,4.645754216440633,3.4439893733029576,4.687777919989555,3.401965669754034,882
2017-06-12,79.2,0.8400000000000001,66.28571428571429,11.0,15.057990680982279,5.44306420039436,9.646679389349229,9.646679389349229,5.134206955480779,9.955536634262812,5.166890982412839,9.92285260733075,889
2017-06-19,76.94,2.71,70.28571428571429,7.0,15.102100730273765,5.462652954179778,5.627090635563811,5.627090635563811,5.452269204158083,5.637474385585508,5.4785356181970615,5.611207971546528,896
2017-06-26,81.87,0.21000000000000002,75.14285714285714,5.0,15.09305051626598,5.458633860645506,3.6311097290980836,3.6311097290980836,5.838487648980522,3.251255940763068,5.855801602501562,3.2339419872420274,903
2017-07-03,84.78,0.26,73.57142857142857,15.0,15.031186987309127,5.43116099547084,13.65858259427275,13.65858259427275,5.713534622714439,13.37620896702915,5.732544956117833,13.357198633625757,910
2017-07-10,66.22,0.7,72.42857142857143,11.0,14.918830055234292,5.381264604198305,9.708478985545284,9.708478985545284,5.622659694520924,9.467083895222666,5.641656086181853,9.448087503561737,917
2017-07-17,58.38,1.6400000000000001,70.42857142857143,9.0,14.759970396032864,5.310716899071784,7.779026690671805,7.779026690671805,5.463628570182272,7.626115019561318,5.483300009015118,7.606443580728471,924
2017-07-24,67.57000000000001,1.5299999999999998,75.57142857142857,3.0,14.559790142510582,5.221819204284866,1.867924385458723,1.867924385458723,5.872565747053091,1.2171778426904991,5.879228049634652,1.2105155401089371,931
2017-07-31,69.13,0.05,67.14285714285714,5.0,14.324118149582974,5.117160045709213,3.972583544034377,3.972583544034377,5.202363151625915,3.8873804381176758,5.219904855840993,3.869838733902596,938
2017-08-07,69.8,1.1199999999999999,73.0,3.0,14.05892482113233,4.999390809446816,2.090352780296773,2.090352780296773,5.668097158617681,1.4216464311259092,5.670133730667217,1.4196098590763722,945
2017-08-14,59.739999999999995,0.1,71.57142857142857,7.0,13.769927334905905,4.871050426853168,6.218693162890421,6.218693162890421,5.554503498375787,5.535240091367803,5.55377132353574,5.53597226620785,952
2017-08-21,64.65,0.25,73.57142857142857,9.0,13.462334661003787,4.734452140248448,8.355291449495141,8.355291449495141,5.713534622714439,7.376208967029151,5.703488234865667,7.386255354877923,959
2017-08-28,62.64,0.04,70.57142857142857,0.0,13.140728490070419,4.591630624528659,-0.5018870347850699,-0.5018870347850699,5.474987936206461,-1.385244346462871,5.4644110104572485,-1.374667420713659,966
2017-09-04,80.07,0.35000000000000003,63.42857142857143,1.0,12.80905707000456,4.444339250121062,0.6454043396225275,0.6454043396225275,4.90701963499699,0.1827239547466002,4.903218705833,0.18652488391058952,973
2017-09-11,73.15,0.83,66.42857142857143,7.0,12.4707125954974,4.294084450767291,6.795659138976299,6.795659138976299,5.145566321504968,5.944177268238622,5.130072981259398,5.959670608484191,980
2017-09-18,50.54,0.5700000000000001,69.28571428571429,8.0,12.12866461518448,4.1421849680695395,7.94755862167405,7.94755862167405,5.372753641988757,6.716989947754834,5.345757675703369,6.743985914040221,987
2017-09-25,95.75,0.5,66.28571428571429,5.0,11.785627281614351,3.9898461252333703,5.099897464510219,5.099897464510219,5.134206955480779,3.9555366342628115,5.106283524631807,3.9834600651117826,994
2017-10-02,63.31,1.55,63.857142857142854,7.0,11.444243819243734,3.8382417471334787,7.251501842610111,7.251501842610111,4.941097733069558,6.148645856674032,4.911243958252955,6.178499631490634,1001
2017-10-09,75.61,0.38,66.71428571428571,3.0,11.107275368382158,3.688598023687108,3.4011455660564813,3.4011455660564813,5.168285053553346,1.9214585361902445,5.1270227306855825,1.962720859058007,1008
2017-10-16,75.39,0.11,62.57142857142857,2.0,10.777782458657745,3.542274100084555,2.5474694896590346,2.5474694896590346,4.8388634388518525,1.2508801508917378,4.798991529278212,1.290752060465377,1015
2017-10-23,60.63,0.0,58.57142857142857,5.0,10.459285554155775,3.4008333729958435,5.688910216747746,5.688910216747746,4.520801190174549,4.568942399569042,4.482264973268976,4.607478616474613,1022
2017-10-30,99.1,3.65,59.714285714285715,10.0,10.155886768122562,3.266097542638332,10.823646047105257,10.823646047105257,4.611676118368065,9.478067471375525,4.565453629610915,9.524289960132673,1029
2017-11-06,77.61,0.09,55.42857142857143,3.0,9.872329109382965,3.1401729234134903,3.949570666330099,3.949570666330099,4.270895137642381,2.818848452101209,4.227172206867135,2.862571382876454,1036
2017-11-13,70.23,0.31,38.857142857142854,3.0,9.613964774619769,3.025436362881324,4.064307226862265,4.064307226862265,2.953208678836407,4.136534910907184,2.9346723930592216,4.155071196684368,1043
2017-11-20,85.23,0.51,41.714285714285715,3.0,9.386603755602161,2.924468010012194,4.165275579731396,4.165275579731396,3.1803959993201962,3.909347590423394,3.1524812052482085,3.937262384495381,1050
2017-11-27,82.98,0.89,43.42857142857143,5.0,9.196223202084886,2.8399222466706595,6.24982134307293,6.24982134307293,3.316708391610469,5.773035198133121,3.2821670261381706,5.807576563605419,1057
2017-12-04,61.06,0.09,40.42857142857143,4.0,9.048540725549275,2.7743381968284133,5.315405392915176,5.315405392915176,3.078161705102491,5.0115818846410995,3.046311043284822,5.043432546458767,1064
2017-12-11,80.31,1.23,38.57142857142857,9.0,8.948491082069577,2.72990732758382,10.359836262159769,10.359836262159769,2.930489946788028,10.159253642955562,2.9001451750276708,10.189598414715919,1071
2017-12-18,81.43,0.04,27.428571428571427,4.0,8.89968707310587,2.7082340415483888,5.381509548195201,5.381509548195201,2.0444593969012526,6.045284192842338,2.033364185688075,6.056379404055514,1078
2017-12-25,84.11,1.1199999999999999,34.285714285714285,10.0,8.903974635364815,2.7101380974898164,11.379605492253773,11.379605492253773,2.5897089660623456,11.500034623681245,2.566291035686805,11.523452554056785,1085
2018-01-01,97.74000000000001,0.01,12.714285714285714,5.0,8.964190224326602,2.7368791319062984,6.352864457837291,6.352864457837291,0.8744446964097412,8.215298893333848,0.8911570504374908,8.198586539306099,1092
2018-01-08,124.38,1.35,16.0,0.0,9.07393029875844,2.785613407495819,1.3041301822477704,1.3041301822477704,1.1357101149660982,2.954033474777492,1.1485122785527784,2.941231311190811,1099
2018-01-15,92.6,1.86,34.285714285714285,10.0,9.23042184861846,2.855109463132692,11.234634126610898,11.234634126610898,2.5897089660623456,11.500034623681245,2.5723371660459295,11.51740642369766,1106
2018-01-22,57.71,0.27,32.42857142857143,3.0,9.428532843967728,2.943088224716843,4.146655365026747,4.146655365026747,2.442037207747883,4.647706381995707,2.431693532371063,4.6580500573725265,1113
2018-01-29,93.73,1.29,35.714285714285715,3.0,9.662455535375084,3.0469705390738415,4.042773050669748,4.042773050669748,2.70330262630424,4.38644096343935,2.691348747314505,4.398394842429084,1120
2018-02-05,96.41,1.0899999999999999,29.571428571428573,3.0,9.92621591312137,3.164103418791977,3.9256401709516124,3.9256401709516124,2.2148498872640943,4.874893702479496,2.218891356133348,4.8708522336102416,1127
2018-02-12,66.66,1.5,33.857142857142854,2.0,10.214075494665616,3.291938471307593,2.7978051184359964,2.7978051184359964,2.555630867989777,3.5341127217538135,2.5572524548094555,3.532491134934134,1134
2018-02-19,75.16,0.6,37.57142857142857,4.0,10.52079393420226,3.42814852071895,4.6615950690246395,4.6615950690246395,2.850974384618702,5.238769205124888,2.851558885145882,5.238184704597707,1141
2018-02-26,78.97,0.72,45.714285714285715,2.0,10.841754900322503,3.5706835085742608,2.5190600811693287,2.5190600811693287,3.4984582479975,2.59128534174609,3.4902597397415493,2.59948385000204,1148
2018-03-05,127.51,2.3599999999999994,42.0,1.0,11.172977555904025,3.717775591955607,1.3719679977879826,1.3719679977879826,3.203114731368575,1.8866288583750155,3.2077686194029758,1.8819749703406137,1155
2018-03-12,104.02,1.26,35.57142857142857,0.0,11.511042907704688,3.8679064362002515,0.22183715354333788,0.22183715354333788,2.69194326028005,1.3978003294635402,2.71448545432456,1.3752581354190294,1162
2018-03-19,125.26,1.19,31.285714285714285,2.0,11.852962784818668,4.019749029774925,2.0699945599686647,2.0699945599686647,2.351162279554367,3.738581310189223,2.3877885039393667,3.7019550858042227,1169
2018-03-26,86.58,0.16999999999999998,35.714285714285715,3.0,12.196013936093582,4.172094008891176,2.917649580852413,2.917649580852413,2.70330262630424,4.38644096343935,2.738272794269982,4.351470795473608,1176
2018-04-02,69.59,0.21000000000000002,43.285714285714285,5.0,12.537554136005983,4.323767992288823,4.765975597454767,4.765975597454767,3.3053490255862794,5.784394564157311,3.3329508436141775,5.7567927461294115,1183
2018-04-09,92.83,0.89,38.42857142857143,5.0,12.874833280315812,4.473549691039197,4.616193898704393,4.616193898704393,2.9191305807638392,6.1706130089797515,2.961763988858564,6.127979600885025,1190
2018-04-16,90.83,1.6700000000000002,42.285714285714285,3.0,13.20481120237188,4.620089002910417,2.4696545868331725,2.4696545868331725,3.2258334634169534,3.863910126326637,3.2676021965133355,3.822141393230254,1197
2018-04-23,85.23,0.23,46.42857142857143,0.0,13.523995600549732,4.761835037849883,-0.6720914481062934,-0.6720914481062934,3.5552550781184475,0.5344885116251428,3.595442473930277,0.4943011158133124,1204
2018-04-30,65.54,1.72,52.285714285714285,3.0,13.828317696581776,4.8969808993119885,2.192762690431601,2.192762690431601,4.020989085110214,3.068754504633376,4.056219346589396,3.0335242431541936,1211
2018-05-07,74.27,0.28,64.14285714285714,6.0,14.113068951603633,5.023435580599058,5.066308009144532,5.066308009144532,4.963816465117937,5.125927124625654,4.982875257644262,5.106868332099327,1218
2018-05-14,61.51,0.21,53.857142857142854,2.0,14.372927143375001,5.138835545448238,0.9509080442953515,0.9509080442953515,4.145942111376297,1.943801478367293,4.1884169323687575,1.901326657374832,1225
2018-05-21,67.55,1.28,60.0,5.0,14.602100716430549,5.240608832234748,3.8491347575088417,3.8491347575088417,4.634394850416443,4.455348739327147,4.670003955551614,4.419739634191975,1232
2018-05-28,78.75,0.13,63.285714285714285,0.0,14.794611773386713,5.326100727080864,-1.2363571373372748,-1.2363571373372748,4.8956602689728,-0.8059166792292096,4.9288921854202545,-0.8391485956766651,1239
2018-06-04,72.26,0.64,64.42857142857143,1.0,14.94471611339258,5.392760297988781,-0.3030167082451918,-0.3030167082451918,4.986535197166316,0.10320839257727421,5.020480175274568,0.06926341446902118,1246
2018-06-11,63.31,0.34,62.42857142857143,11.0,15.047423069807188,5.438371248635432,9.651372341108157,9.651372341108157,4.827504072827664,10.262239516915926,4.8669685746155285,10.222775015128061,1253
2018-06-18,88.14,0.13,68.28571428571429,1.0,15.09903639979871,5.461292121078088,-0.37154853133449883,-0.37154853133449883,5.293238079819431,-0.20349449007584042,5.323065027040252,-0.233321437296663,1260
2018-06-25,63.09,0.6000000000000001,69.28571428571429,2.0,15.097607159330254,5.460657412205928,0.629086177537661,0.629086177537661,5.372753641988757,0.7169899477548336,5.400745474409765,0.688998115333824,1267
2018-07-02,65.32,1.25,74.71428571428571,8.0,15.043190165047054,5.436491465445996,6.653252124297594,6.653252124297594,5.8044095509079545,6.285334038835636,5.821575173701718,6.268168416041871,1274
2018-07-09,74.26,0.36,78.71428571428571,12.0,14.937836615207297,5.389705193805419,10.70003839593817,10.70003839593817,6.1224717995852584,9.967271790158332,6.1304515934693775,9.959291996274212,1281
2018-07-16,63.53,0.51,72.28571428571429,2.0,14.785324867055506,5.321976521271251,0.7677670684723381,0.7677670684723381,5.611300328496735,0.47844326124685566,5.628082447634837,0.46166114210875264,1288
2018-07-23,72.92999999999999,2.9400000000000004,73.57142857142857,4.0,14.590699918452424,5.235545872021872,2.8541977177217177,2.8541977177217177,5.713534622714439,2.376208967029151,5.724386693061236,2.3653568966823535,1295
2018-07-30,70.68,0.74,78.57142857142857,3.0,14.359731048625642,5.1329753150670365,1.956768274676553,1.956768274676553,6.111112433561069,0.9786311561825212,6.108643509240477,0.9811000805031123,1302
2018-08-06,65.08,0.7000000000000001,79.57142857142857,6.0,14.098395688477678,5.016919357125727,5.0728242326178625,5.0728242326178625,6.190627995730395,3.899115594013195,6.181510234155281,3.908233355588308,1309
2018-08-13,60.17,3.0999999999999996,76.57142857142857,6.0,13.812466145112673,4.88994141185204,5.1998021778915495,5.1998021778915495,5.952081309222417,4.137662280521173,5.943093776732442,4.146649813011147,1316
2018-08-20,67.77,0.35000000000000003,75.14285714285714,4.0,13.50723425736111,4.754391522594093,3.335352067149496,3.335352067149496,5.838487648980522,2.251255940763068,5.826430692174605,2.2633128975689845,1323
2018-08-27,63.97,0.5,73.28571428571429,2.0,13.18737402647407,4.612345358301949,1.47739823144164,1.47739823144164,5.690815890666061,0.3989276990775297,5.676193711002951,0.4135498787406382,1330
2018-09-03,71.35,0.0,78.42857142857143,8.0,12.856921084240154,4.465595095559977,7.624148494183612,7.624148494183612,6.09975306753688,5.9899905222067105,6.069708970547304,6.020034619196285,1337
2018-09-10,79.19999999999999,0.79,72.28571428571429,1.0,12.51933993224912,4.315679278752529,0.7740643109910605,0.7740643109910605,5.611300328496735,-0.5215567387531443,5.586114130089403,-0.4963705403458132,1344
2018-09-17,46.519999999999996,1.23,69.28571428571429,5.0,12.1776508434561,4.163939175555184,4.925804414188406,4.925804414188406,5.372753641988757,3.7169899477548336,5.346664949865645,3.743078639877944,1351
2018-09-24,74.93,1.18,64.71428571428571,6.0,11.834593411988298,4.011591407479179,6.07815218226441,6.07815218226441,5.009253929214694,5.0804896605288965,4.985079554885419,5.10466403485817,1358
2018-10-01,71.15,1.98,64.14285714285714,5.0,11.492809409274324,3.8598091541265234,5.229934435617066,5.229934435617066,4.963816465117937,4.125927124625654,4.934345418440663,4.155398171302926,1365
2018-10-08,62.42,0.6,60.714285714285715,11.0,11.155031715835603,3.7098060555751378,11.379937534168452,11.379937534168452,4.691191680537391,10.3985519092062,4.661665716186121,10.428077873557468,1372
2018-10-15,75.38,0.89,60.42857142857143,9.0,10.824267604940273,3.56291760649259,9.526825983251,9.526825983251,4.668472948489011,8.42127064125458,4.633337655877387,8.456405933866202,1379
2018-10-22,94.39,0.06,50.42857142857143,4.0,10.503963249766098,3.420674211831164,4.669069377912425,4.669069377912425,3.8733173267957515,4.216426262947839,3.8503361140324524,4.239407475711137,1386
2018-10-29,84.33,2.17,46.714285714285715,3.0,10.198132294759828,3.284858283855468,3.8048853058881216,3.8048853058881216,3.577973810166826,3.511769779576764,3.556046120801152,3.5336974689424374,1393
2018-11-05,83.0,2.12,52.714285714285715,2.0,9.911425686395182,3.1575352531602574,2.932208336583332,2.932208336583332,4.055067183182782,2.0346764065608083,4.016977536403885,2.0727660533397048,1400
2018-11-12,84.33,2.33,48.142857142857146,1.0,9.649114790680818,3.0410460713544065,2.048697518389183,2.048697518389183,3.6915674704087205,1.3981761193348698,3.656887648388927,1.4328559413546622,1407
2018-11-19,86.56,2.3000000000000003,39.0,7.0,9.416958642359562,2.9379482579925496,8.151795331751039,8.151795331751039,2.964568044860597,8.125175544882993,2.94212462989898,8.14761895984461,1414
2018-11-26,89.7,2.05,34.714285714285715,2.0,9.220933696680536,2.850895886517476,3.2388477032261136,3.2388477032261136,2.623787064134914,3.4659565256086764,2.605464400942021,3.4842791888015685,1421
2018-12-03,79.85,1.21,42.57142857142857,3.0,9.066825117845388,2.782458080268981,4.3072855094746085,4.3072855094746085,3.2485521954653325,3.841191394278258,3.213164513611729,3.8765790761318604,1428
2018-12-10,75.83,0.0,32.714285714285715,1.0,8.95971324512586,2.734890958130154,2.3548526316134355,2.3548526316134355,2.464755939796262,2.6249876499473284,2.4452124990627317,2.6445310906808577,1435
2018-12-17,72.48,0.5800000000000001,37.0,1.0,8.903430430513575,2.709896422519804,2.3798471672237853,2.3798471672237853,2.8055369205219445,2.284206669221646,2.7771997348146464,2.312543854928943,1442
2018-12-24,90.36,0.65,40.0,4.0,8.900095604855377,2.7084154656905777,5.381328124053011,5.381328124053011,3.044083607029923,5.0456599827136674,3.010258725509763,5.079484864233827,1449
2018-12-31,71.8,0.74,37.142857142857146,5.0,8.949836664286522,2.7305048848110087,6.359238704932581,6.359238704932581,2.816896286546134,6.272847303197456,2.789160213220908,6.300583376522681,1456
2019-01-07,82.09,0.93,37.857142857142854,3.0,9.05528388660742,2.777332755298084,4.312410834445505,4.312410834445505,2.873693116667081,4.216050473076509,2.8466181433879267,4.243125446355663,1463
2019-01-14,89.26,0.15,29.285714285714285,4.0,9.205388226613287,2.843992326206001,5.2457512635375885,5.2457512635375885,2.192131155215715,5.8976124345278755,2.183338926521548,5.906404663222041,1470
2019-01-21,85.44999999999999,1.3299999999999998,27.571428571428573,4.0,9.397899283569451,2.9294842210521175,5.160259368691472,5.160259368691472,2.0558187629254423,6.033924826818148,2.053692564695714,6.036051025047875,1477
2019-01-28,96.87,1.0,33.285714285714285,2.0,9.627072856624997,3.0312575078386264,3.058486081904963,3.058486081904963,2.5101934038930196,3.5795501858505707,2.501976622876187,3.5877669668674024,1484
2019-02-04,87.24,0.21,27.142857142857142,4.0,9.886931048396367,3.1466574726878074,4.943086117055782,4.943086117055782,2.021740664852874,6.068002924890717,2.0294469592903894,6.0602966304532,1491
2019-02-11,87.47,0.65,37.857142857142854,4.0,10.171682303418224,3.2731121539748766,4.816631435768713,4.816631435768713,2.873693116667081,5.216050473076509,2.867294963672233,5.2224486260713565,1498
2019-02-18,84.56,1.6,34.57142857142857,1.0,10.476004399450268,3.4082580154369824,1.681485574306607,1.681485574306607,2.612427698110724,2.477315891632866,2.6176085829471707,2.4721350067964187,1505
2019-02-25,84.11,1.0,34.285714285714285,1.0,10.79518879762812,3.5500040503764483,1.5397395393671411,1.5397395393671411,2.5897089660623456,2.5000346236812447,2.601318222006149,2.4884253677374404,1512
2019-03-04,76.72999999999999,1.44,29.428571428571427,1.0,11.125166719684188,3.6965433622476684,1.393200227495921,1.393200227495921,2.2034905212399045,2.886253068503686,2.229996141279123,2.8597474484644665,1519
2019-03-11,85.67,0.46,30.0,1.0,11.462445863994017,3.8463250609980424,1.243418528745547,1.243418528745547,2.2489279853366626,2.8408156044069277,2.280646843220367,2.8090967465232226,1526
2019-03-18,85.22,0.2,41.857142857142854,5.0,11.803986063906418,3.997999044395689,5.0917445453479,5.0917445453479,3.191755365344385,5.897988224399205,3.2083545425883977,5.881389047155192,1533
2019-03-25,95.3,0.92,42.142857142857146,1.0,12.147037215181332,4.15034402351194,0.939399566231649,0.939399566231649,3.2144740973927646,1.8752694923508257,3.236910171229306,1.8528334185142836,1540
2019-04-01,92.17,0.13,44.857142857142854,2.0,12.488957092295312,4.302186617086614,1.7875569726569758,1.7875569726569758,3.430302051852363,2.6594415378912273,3.454161649216376,2.6355819405272136,1547
2019-04-08,84.1,0.98,46.285714285714285,7.0,12.827022444095975,4.452317461331258,6.637426128412331,6.637426128412331,3.543895712094258,7.545847877649333,3.5714328425149917,7.518310747228598,1554
2019-04-15,79.64,1.22,49.42857142857143,3.0,13.158245099677497,4.599409544712604,2.490334045030985,2.490334045030985,3.7938017646264255,3.295941825117165,3.8217891622145546,3.267954427529035,1561
2019-04-22,102.23,2.52,57.142857142857146,0.0,13.47920606579774,4.741944532567915,-0.6522009428243258,-0.6522009428243258,4.407207529932655,-0.31746394018906443,4.427187051807838,-0.3374434620642486,1568
2019-04-29,84.56,1.66,51.0,0.0,13.785924505334384,4.878154581979272,-0.7884109922356828,-0.7884109922356828,3.9187547908925087,0.17098879885108165,3.9555252870894435,0.13421830265414592,1575
2019-05-06,53.47,0.46,50.0,5.0,14.07378408687863,5.005989634494888,4.083753955248701,4.083753955248701,3.839239228723183,5.250504361020408,3.8831498174028214,5.206593772340768,1582
2019-05-13,75.83,1.2999999999999998,55.285714285714285,4.0,14.337544464624916,5.123122514213024,2.9666210755305658,2.9666210755305658,4.259535771618192,3.8302078181253982,4.298771492951891,3.790972096791698,1589
2019-05-20,72.93,0.75,57.57142857142857,3.0,14.571467156032272,5.227004828570022,1.862738761173567,1.862738761173567,4.441285628005223,2.6484579617383677,4.480719789556439,2.609023800187151,1596
2019-05-27,96.64,0.38,65.0,5.0,14.76957815138154,5.314983590154173,3.774759999589416,3.774759999589416,5.031972661263073,4.057770928480517,5.061640397599882,4.028103192143708,1603
2019-06-03,70.24,0.68,58.42857142857143,4.0,14.926069701241557,5.384479645791044,2.705263943952545,2.705263943952545,4.509441824150359,3.580301765593231,4.553893314954789,3.5358502747888005,1610
2019-06-10,70.46,0.2,67.57142857142857,4.0,15.035809775673398,5.433213921380567,2.6565296683630226,2.6565296683630226,5.236441249698483,2.853302340045107,5.266389064769317,2.823354524974272,1617
2019-06-17,80.54,1.27,67.14285714285714,7.0,15.094886168696844,5.459449052287351,5.630294537456239,5.630294537456239,5.202363151625915,5.887380438117676,5.234180253917636,5.855563335825954,1624
2019-06-24,65.76,1.66,69.42857142857143,8.0,15.101079033244789,5.462199230552954,6.627544359190636,6.627544359190636,5.384113008012946,6.705630581730644,5.411910765336856,6.6778328244067335,1631
2019-07-01,53.0,1.9399999999999997,70.42857142857143,4.0,15.054150900119508,5.4413589989013005,2.648384590842289,2.648384590842289,5.463628570182272,2.6261150195613183,5.488748527503279,2.600995062240311,1638
2019-07-08,62.42,1.37,77.85714285714286,17.0,14.955878634825323,5.397717442391987,15.692026147351603,15.692026147351603,6.054315603440123,15.035427986303468,6.0641798197940995,15.02556376994949,1645
2019-07-15,63.31,0.8300000000000001,78.42857142857143,4.0,14.80981868542939,5.332853937757915,2.7568896519856745,2.7568896519856745,6.09975306753688,1.9899905222067105,6.105878596126669,1.9838649936169208,1652
2019-07-22,73.6,1.3199999999999998,81.57142857142857,6.0,14.620867659255314,5.248943010686239,4.84080057905735,4.84080057905735,6.349659120069047,3.740084469674543,6.346600776640498,3.7431428131030913,1659
2019-07-29,62.62,1.04,74.85714285714286,3.0,14.394724596873516,5.148515538025664,1.9412280517179257,1.9412280517179257,5.815768916932145,1.2739746728114456,5.820665928223453,1.2690776615201367,1666
2019-08-05,61.06,1.25,78.57142857142857,8.0,14.137365465396517,5.034225376443259,7.0555182133003305,7.0555182133003305,6.111112433561069,5.978631156182521,6.1045250752364435,5.985218514507146,1673
2019-08-12,74.48,2.28,75.42857142857143,9.0,13.854612085294143,4.908657927896131,8.181085661847458,8.181085661847458,5.861206381028902,7.228537208714688,5.855066455214077,7.234677134529512,1680
2019-08-19,61.96,0.17,72.57142857142857,3.0,13.551836398941004,4.774198808773652,2.3155447809699377,2.3155447809699377,5.634019060545113,1.455724529198477,5.627438978632517,1.4623046111110725,1687
2019-08-26,70.01,0.08,73.14285714285714,6.0,13.23380434956448,4.632964518375547,5.456779071368042,5.456779071368042,5.6794565246418705,4.41028706510172,5.665952658899317,4.423790930844272,1694
2019-09-02,62.19,2.06,71.42857142857143,5.0,12.904640372765114,4.4867866700139905,4.602956919729599,4.602956919729599,5.543144132351598,3.5465994573919923,5.52664435134036,3.56309923840323,1701
2019-09-09,73.38,0.36,68.0,3.0,12.56788390527396,4.337237085887719,2.7525065038558703,2.7525065038558703,5.270519347771051,1.819224241972539,5.253983563216354,1.8357600265272351,1708
2019-09-16,73.15,0.28,68.14285714285714,3.0,12.226609310624491,4.18568105466159,2.9040625350819997,2.9040625350819997,5.2818787137952405,1.8078648759483498,5.258763803191375,1.8309797865522146,1715
2019-09-23,69.57,0.13,67.42857142857143,3.0,11.883585377722092,4.033348162904255,3.0563954268393347,3.0563954268393347,5.225081883674294,1.8646617060692963,5.196905713659689,1.8928378760839006,1722
2019-09-30,72.48,0.28,67.0,2.0,11.541456299587127,3.8814126656181243,2.208330924125465,2.208330924125465,5.191003785601725,0.898739804141865,5.157266174405578,0.9324774153380115,1729
2019-10-07,85.46000000000001,0.54,60.285714285714285,1.0,11.202930458702506,3.731077323590516,1.3586662661530733,1.3586662661530733,4.657113582464822,0.4326300072787683,4.629249884023761,0.46049370571982884,1736
2019-10-14,96.17999999999999,0.44,57.857142857142854,3.0,10.87096525745752,3.583655484418605,3.5060881053249844,3.5060881053249844,4.464004360053601,2.625739229689989,4.434384753303141,2.655358836440448,1743
2019-10-21,85.02,1.2000000000000002,55.285714285714285,2.0,10.548935240072312,3.4406457434775515,2.649097846266038,2.649097846266038,4.259535771618192,1.8302078181253982,4.2286026438349955,1.861140945908594,1750
2019-10-28,70.26,2.0799999999999996,56.42857142857143,4.0,10.240767054742616,3.303791879020695,4.785951710722895,4.785951710722895,4.350410699811707,3.739332889931883,4.311702966110322,3.7780406236332675,1757
2019-11-04,72.25,0.2,54.57142857142857,8.0,9.951019291543684,3.17511830725312,8.91462528249047,8.91462528249047,4.202738941497245,7.887004648246346,4.162023698093154,7.927719891650435,1764
2019-11-11,75.83,0.63,45.0,1.0,9.684879815666225,3.056928898053121,2.0328146916904686,2.0328146916904686,3.4416614178765528,1.6480821718670375,3.413328309232667,1.6764152805109225,1771
2019-11-18,90.14,0.32,35.857142857142854,0.0,9.448051194538118,2.9517560945052956,1.1379874952382938,1.1379874952382938,2.714661992328429,1.3750815974151611,2.6984787518520728,1.3912648378915167,1778
2019-11-25,76.72,2.0700000000000003,43.285714285714285,3.0,9.246500793721872,2.8622499334295766,4.227493656314013,4.227493656314013,3.3053490255862794,3.784394564157311,3.271997229313231,3.8177463604303585,1785
2019-12-02,103.79,1.3900000000000001,40.42857142857143,3.0,9.08607072270066,2.791004826895132,4.2987387628484575,4.2987387628484575,3.078161705102491,4.0115818846410995,3.047006136537092,4.042737453206497,1792
2019-12-09,83.22,0.97,35.142857142857146,1.0,8.971975633311846,2.740336540414798,2.3494070493287915,2.3494070493287915,2.6578651622074823,2.431878427536108,2.634156412491686,2.4555871772519033,1799
2019-12-16,90.38,1.75,42.285714285714285,0.0,8.908257736290597,2.7120401722056893,1.3777034175379002,1.3777034175379002,3.2258334634169534,0.8639101263266369,3.1880257097301854,0.901717880013404,1806
2019-12-23,83.22,0.65,31.0,5.0,8.897303162632607,2.707175374962037,6.382568214781553,6.382568214781553,2.3284435475059886,6.761300042237602,2.310844741624278,6.7788988481193115,1813
2019-12-30,71.58,1.3800000000000001,40.857142857142854,1.0,8.939531773258782,2.725928603977722,2.3638149857658672,2.3638149857658672,3.112239803175059,1.9775037865685312,3.0775950529734475,2.012148536770142,1820
2020-01-06,77.17,0.51,40.714285714285715,0.0,9.037606943873122,2.769482633059207,1.3202609566843826,1.3202609566843826,3.10088043715087,0.9888631525927205,3.068310515331662,1.0214330744119273,1827
2020-01-13,98.42,0.05,43.857142857142854,3.0,9.181221297308667,2.8332600773080348,4.256483512435555,4.256483512435555,3.350786489683037,3.7389571000605533,3.3151921407922287,3.7745514489513607,1834
2020-01-20,85.44,0.4,32.42857142857143,2.0,9.368014303477025,2.916212653091625,3.1735309366519644,3.1735309366519644,2.442037207747883,3.6477063819957074,2.430572668200394,3.6591709215431956,1841
2020-01-27,65.76,0.7,37.142857142857146,2.0,9.592316052545762,3.015822420179191,3.0739211695643984,3.0739211695643984,2.816896286546134,3.272847303197456,2.8010595769671918,3.2886840127763977,1848
2020-02-03,61.06,0.02,37.142857142857146,2.0,9.848153392064207,3.129436771861866,2.9603068178817233,2.9603068178817233,2.816896286546134,3.272847303197456,2.805797941525563,3.2839456482180265,1855
2020-02-10,74.03,0.97,37.142857142857146,4.0,10.129687468300318,3.254462741911248,4.835280847832341,4.835280847832341,2.816896286546134,5.272847303197456,2.8110122354645237,5.278731354279065,1862
2020-02-17,68.89,0.7000000000000001,36.0,2.0,10.431517091468363,3.3885017255068828,2.7012418642367066,2.7012418642367066,2.7260213583526185,3.363722231390972,2.7277945166498405,3.361949073093749,1869
2020-02-24,77.19,0.45,38.0,3.0,10.748841997242852,3.529421981753276,3.5603216079903133,3.5603216079903133,2.885052482691271,4.204691107052319,2.8890855293873896,4.2006580603562,1876
2020-03-02,89.02000000000001,1.1600000000000001,37.57142857142857,3.0,11.07750412663295,3.67537696558632,3.414366624157269,3.414366624157269,2.850974384618702,4.238769205124888,2.8618697172162233,4.227873872527367,1883
2020-03-09,99.53999999999999,0.06,44.42857142857143,2.0,11.41393529307753,3.824782087346084,2.2649615023975054,2.2649615023975054,3.396223953779795,2.693519635963795,3.4009482004570954,2.688795389286494,1890
2020-03-16,85.0,0.29,43.714285714285715,1.0,11.755039997588792,3.9762626723611714,1.113480917382418,1.113480917382418,3.339427123658848,1.7503164660847421,3.351760860609521,1.7379827291340684,1897
2020-03-23,87.92,1.99,40.142857142857146,3.0,12.098037543089271,4.12858384578385,2.9611597439597395,2.9611597439597395,3.0554429730541126,4.034300616689478,3.0805888113961792,4.00915477834741,1904
2020-03-30,88.14,1.26,42.42857142857143,3.0,12.440281829983718,4.280570505924243,2.8091730838193465,2.8091730838193465,3.237192829441143,3.852550760302447,3.264543332775923,3.8252002569676664,1911
2020-04-06,99.32000000000001,1.0,41.57142857142857,2.0,12.779072686250602,4.431023538164306,1.6587200515792837,1.6587200515792837,3.1690366332960065,2.920706956447584,3.204212149800095,2.8855314399434944,1918
2020-04-13,96.41,1.2800000000000002,47.285714285714285,4.0,13.111470523236205,4.578637505777193,3.5111060839663963,3.5111060839663963,3.623411274263584,4.466332315480006,3.6544080250542246,4.435335564689365,1925
2020-04-20,81.21,0.68,45.0,8.0,13.434126944683014,4.721925425390227,7.367818164353363,7.367818164353363,3.4416614178765528,8.648082171867038,3.48276813279457,8.60697545694902,1932
2020-04-27,103.36,1.3599999999999999,42.714285714285715,5.0,13.743147504519737,4.859157819334565,4.230585770409024,4.230585770409024,3.259911561489522,5.829832028254068,3.3108756906784413,5.778867899065148,1939
2020-05-04,77.17999999999999,0.81,52.142857142857146,8.0,14.034008262459277,4.988325658968271,7.101417930775319,7.101417930775319,4.009629719086025,8.080113870657566,4.0489279541851655,8.040815635558424,1946
2020-05-11,89.71000000000001,0.61,48.285714285714285,0.0,14.301553277880691,5.107139251738781,-1.0173956619951916,-1.0173956619951916,3.7029268364329098,0.38681675331068055,3.7541564716420854,0.335587118101504,1953
2020-05-18,80.3,0.7100000000000001,54.857142857142854,4.0,14.540102493081095,5.213076150865467,2.8766674388781226,2.8766674388781226,4.225457673545623,3.864285916197967,4.269220106139215,3.820523483604374,1960
2020-05-25,79.85,0.0,55.57142857142857,5.0,14.74369403618414,5.303488759209762,3.786254830533827,3.786254830533827,4.282254503666571,4.80748908607702,4.328495767729157,4.7612478220144325,1967
2020-06-01,85.45,0.09,66.28571428571429,10.0,14.906467129596376,5.375774374414425,8.713969215329165,8.713969215329165,5.134206955480779,8.955536634262812,5.164084614010959,8.925658975732631,1974
2020-06-08,64.42,0.33,67.14285714285714,11.0,15.023159667789772,5.427596157341044,9.662147432402545,9.662147432402545,5.202363151625915,9.887380438117676,5.2328518070598244,9.856891782683764,1981
2020-06-15,67.11,0.74,64.85714285714286,9.0,15.089653319725068,5.4571252056412725,7.632618384102317,7.632618384102317,5.020613295238884,8.069130294504706,5.0564675229513805,8.033276066792208,1988
2020-06-22,61.519999999999996,0.0,71.28571428571429,3.0,15.103463387676486,5.463258094296022,1.6264854954475672,1.6264854954475672,5.531784766327409,1.5579588234161816,5.556267774320068,1.5334758154235217,1995
2020-06-29,58.16,1.41,73.14285714285714,8.0,15.064060784128428,5.445759861766132,6.643983727977457,6.643983727977457,5.6794565246418705,6.41028706510172,5.699850846859653,6.389892742883936,2002
2020-07-06,56.36,0.36,67.85714285714286,20.0,14.972943141107718,5.405295588809975,18.684448000933614,18.684448000933614,5.259159981746862,18.83058360799673,5.287426688205591,18.802316901538,2009
2020-07-13,79.86,0.08,75.57142857142857,11.0,14.833435842718961,5.343342039373938,9.74640155036965,9.74640155036965,5.872565747053091,9.2171778426905,5.884296242924415,9.205447346819174,2016
2020-07-20,67.56,0.8,72.42857142857143,6.0,14.650275940012001,5.26200288208172,4.827740707661869,4.827740707661869,5.622659694520924,4.467083895222666,5.636682194161363,4.4530613955822265,2023
2020-07-27,64.21000000000001,0.89,78.71428571428571,10.0,14.429081370552069,5.1637729768918765,8.925970612851714,8.925970612851714,6.1224717995852584,7.967271790158332,6.1210289352104335,7.968714654533156,2030
2020-08-03,68.89,0.07,79.28571428571429,8.0,14.175817773501871,5.051301593950505,7.038441995793084,7.038441995793084,6.167909263682017,5.921834326061573,6.160742192284832,5.929001397458757,2037
2020-08-10,64.19,0.17,75.71428571428571,7.0,13.896350443523454,4.927193441591858,6.162550148151731,6.162550148151731,5.8839251130772805,5.20581847666631,5.878041468209752,5.211702121533837,2044
2020-08-17,71.12,0.24,73.85714285714286,4.0,13.596128275210798,4.793868309780322,3.2958752799632673,3.2958752799632673,5.736253354762819,2.3534902349807716,5.728168203686625,2.3615753860569644,2051
2020-08-24,61.29,1.55,73.0,4.0,13.280008478877049,4.653483228454346,3.4362603612892437,3.4362603612892437,5.668097158617681,2.421646431125909,5.655707417459671,2.4340361722839186,2058
2020-08-31,70.7,0.25,69.57142857142857,8.0,12.952205495827103,4.507909781400181,7.581833808343409,7.581833808343409,5.395472374037135,6.694271215706455,5.383212456862758,6.706531132880832,2065
2020-09-07,61.3,0.21000000000000002,69.28571428571429,11.0,12.616336185284585,4.358754173234375,10.730989416509214,10.730989416509214,5.372753641988757,9.716989947754833,5.354789843127549,9.73495374661604,2072
2020-09-14,63.31,0.25,67.42857142857143,1.0,12.275532286240738,4.207407172387366,0.8823364173562238,0.8823364173562238,5.225081883674294,-0.13533829393070373,5.204164964180287,-0.11442137443669775,2079
2020-09-21,78.28,0.0,57.857142857142854,9.0,11.932595498022462,4.055112980558697,9.034630609184893,9.034630609184893,4.464004360053601,8.625739229689989,4.454047211939775,8.635696377803814,2086
2020-09-28,63.09,0.05,65.0,6.0,11.590176306937371,3.9030486475255826,6.186694942218007,6.186694942218007,5.031972661263073,5.057770928480517,5.002754681211138,5.086988908532452,2093
2020-10-05,69.56,0.48000000000000004,62.0,5.0,11.25096239010615,3.752407739067645,5.337335850675944,5.337335850675944,4.793425974755095,4.296317614988495,4.763351343658829,4.326392246084761,2100
2020-10-12,100.66,0.02,57.57142857142857,1.0,10.917864737069317,3.6044829913821257,1.4852605983614637,1.4852605983614637,4.441285628005223,0.6484579617383677,4.413051402115501,0.6766921876280882,2107
2020-10-19,70.0,3.4299999999999997,54.857142857142854,3.0,10.594189053981134,3.460742429669242,3.6290011600743473,3.6290011600743473,4.225457673545623,2.864285916197967,4.196137824931068,2.8936057648125217,2114
2020-10-26,58.62,0.06999999999999999,55.714285714285715,9.0,10.28377666844288,3.322891942310422,9.766851647433167,9.766851647433167,4.29361386969076,8.79612972005283,4.25699460569561,8.83274898404798,2121
2020-11-02,70.91999999999999,2.06,42.714285714285715,4.0,9.991093810443173,3.1929149294832087,4.896828660260381,4.896828660260381,3.259911561489522,4.829832028254068,3.241383886711977,4.848359703031612,2128
2020-11-09,64.87,0.0,52.57142857142857,18.0,9.721242548046922,3.073077159572021,19.01666643017157,19.01666643017157,4.043707817158593,18.046035772584997,4.00235416527745,18.08738942446614,2135
2020-11-16,81.2,0.62,52.285714285714285,3.0,9.47986389271988,2.965883739383094,4.123859850360495,4.123859850360495,4.020989085110214,3.068754504633376,3.975681613408163,3.1140619763354263,2142
2020-11-23,91.72,1.81,43.142857142857146,2.0,9.272908115664487,2.873977114332228,3.2157664754113613,3.2157664754113613,3.2939896595620906,2.7957539301814998,3.2613853311119585,2.828358258631631,2149
2020-11-30,58.61,1.15,44.714285714285715,3.0,9.106263905854396,2.799972381892145,4.2897712078514445,4.2897712078514445,3.418942685828174,3.670800903915416,3.3804097846002925,3.709333805143297,2156
2020-12-07,100.44,2.15,42.142857142857146,5.0,8.985268925946851,2.74623993523315,6.343503654510439,6.343503654510439,3.2144740973927646,5.875269492350826,3.178351045998839,5.91139254374475,2163
2020-12-14,59.51,0.56,37.42857142857143,5.0,8.914165178902977,2.7146635979486686,6.375079991794921,6.375079991794921,2.8396150185945133,6.250128571149077,2.8107015181420136,6.279042071601576,2170
2020-12-21,75.16,1.37,27.285714285714285,1.0,8.895599523543558,2.706418808891705,2.3833247808518845,2.3833247808518845,2.0331000308770633,3.056643558866527,2.0221874918294405,3.067556097914149,2177
2020-12-28,89.71000000000001,1.49,38.42857142857143,3.0,8.930282606184536,2.721821157727995,4.367922432015595,4.367922432015595,2.9191305807638392,4.1706130089797515,2.888706947426757,4.201036642316833,2184
2021-01-04,83.0,0.64,35.285714285714285,3.0,9.00521194940504,2.755096397253352,4.334647192490237,4.334647192490237,2.6692245282316716,4.420519061511919,2.64587297079118,4.44387061895241,2191
2021-01-11,75.18,0.01,32.0,1.0,9.135550721199825,2.8129783119279415,2.276765277815648,2.276765277815648,2.4079591096753146,2.6817844800682757,2.3929642441065124,2.696779345637077,2198
2021-01-18,79.64,1.1300000000000001,37.142857142857146,3.0,9.310559515572242,2.890697657934334,4.1990459318092554,4.1990459318092554,2.816896286546134,4.272847303197456,2.795841162831876,4.293902426911714,2205
2021-01-25,89.47,0.0,29.571428571428573,1.0,9.524749950087097,2.985817109222566,2.1039264805210234,2.1039264805210234,2.2148498872640943,2.874893702479496,2.211455803159671,2.8782877865839183,2212
2021-02-01,90.82,1.03,22.571428571428573,0.0,9.7721857120979,3.095700419207266,0.9940431705363233,0.9940431705363233,1.6582409520788122,2.431502637664778,1.6720901336895766,2.417653456054013,2219
2021-02-08,76.95,0.6599999999999999,31.571428571428573,3.0,10.04695236629741,3.217721056771958,3.8720225329716316,3.8720225329716316,2.3738810116027462,4.715862578140844,2.37654135322349,4.713202236520099,2226
2021-02-15,58.83,0.2,25.142857142857142,3.0,10.343501081333573,3.3494148512140907,3.7403287385294988,3.7403287385294988,1.8627095405142218,5.227034049229369,1.8824892583219377,5.207254331421652,2233
2021-02-22,74.93,1.31,28.428571428571427,2.0,10.656850844408215,3.488569793368571,2.6011737963750186,2.6011737963750186,2.1239749590705785,3.9657686306730118,2.1436155424301546,3.946128047313435,2240
2021-03-01,83.2,0.37,38.714285714285715,1.0,10.98266191899335,3.633258657315099,1.4564849324284905,1.4564849324284905,2.941849312812218,2.1478942769313725,2.9489210509192367,2.1408225388243527,2247
2021-03-08,99.32,0.0,30.571428571428573,3.0,11.317207207472473,3.781826282864179,3.3079173068794105,3.3079173068794105,2.2943654494334202,4.79537814031017,2.3223608307220927,4.767382759021497,2254
2021-03-15,101.1,0.0,43.714285714285715,1.0,11.657270880476055,3.9328445580379867,1.1568990317056027,1.1568990317056027,3.339427123658848,1.7503164660847421,3.34995007833551,1.7397935114080796,2261
2021-03-22,67.34,0.66,40.714285714285715,4.0,12.0,4.085046526643433,4.004697063100156,4.004697063100156,3.10088043715087,4.988863152592721,3.1231770109399157,4.966566578803674,2268
2021-03-29,80.28999999999999,0.85,50.857142857142854,2.0,12.342729119523945,4.2372484952488785,1.852495094494711,1.852495094494711,3.9073954248683194,2.182348164875271,3.917694870284082,2.1720487194595073,2275
2021-04-05,89.48,1.12,46.57142857142857,4.0,12.682792792527527,4.388266770422686,3.701476819320903,3.701476819320903,3.5666144441426364,4.523129145600954,3.5909635411339034,4.498780048609686,2282
2021-04-12,69.78,0.0,52.42857142857143,4.0,13.01733808100665,4.536834395971766,3.552909193771823,3.552909193771823,4.032348451134403,4.057395138609187,4.052300177681287,4.037443412062302,2289
2021-04-19,78.97,1.9100000000000001,47.857142857142854,6.0,13.343149155591785,4.681523259918294,5.408220329825295,5.408220329825295,3.6688487383603414,6.420894851383249,3.7031028994210744,6.3866406903225155,2296
2021-04-26,98.87,0.35,54.0,7.0,13.656498918666427,4.8206782020727745,6.269065387670815,6.269065387670815,4.1573014774004875,6.932442112343103,4.186248950211848,6.903494639531742,2303
2021-05-03,78.29,1.31,55.42857142857143,2.0,13.95304763370259,4.952371996514907,1.137371593228682,1.137371593228682,4.270895137642381,1.818848452101209,4.302751213687327,1.7869923760562623,2310
2021-05-10,71.36,1.54,53.142857142857146,1.0,14.2278142879021,5.074392634079599,0.015350955663990362,0.015350955663990362,4.089145281255351,1.0005983084882395,4.130224354825142,0.9595192349184476,2317
2021-05-17,66.87,0.01,62.857142857142854,5.0,14.475250049912903,5.184275944064299,3.9054676456792903,3.9054676456792903,4.861582170900232,4.228161418843358,4.8896743204480035,4.200069269295586,2324
2021-05-24,72.48,0.0,69.42857142857143,9.0,14.689440484427758,5.279395395352531,7.810348194391058,7.810348194391058,5.384113008012946,7.705630581730644,5.404286805854455,7.685456783889134,2331
2021-05-31,99.99,3.3200000000000003,61.0,2.0,14.864449278800175,5.357114741358924,0.7326288483846657,0.7326288483846657,4.713910412585769,1.375833177157821,4.752569832837674,1.3371737569059157,2338
2021-06-07,73.37,0.11,74.28571428571429,5.0,14.99478805059496,5.414996656033513,3.674746933710076,3.674746933710076,5.770331452835387,3.3194121369082037,5.787375752911835,3.3023678368317544,2345
2021-06-14,56.81,1.29,71.42857142857143,7.0,15.07595710778364,5.4510428791006555,5.638700710642934,5.638700710642934,5.543144132351598,5.546599457391992,5.566859318716019,5.5228842710275705,2352
2021-06-21,70.46,0.01,73.71428571428571,5.0,15.104962832174774,5.463923979951641,3.6258196097919484,3.6258196097919484,5.7248939887386285,3.3648496010049618,5.745012347218785,3.344731242524804,2359
2021-06-28,81.42999999999999,1.0,73.14285714285714,6.0,15.080698164623966,5.453148326648766,4.636595263094823,4.636595263094823,5.6794565246418705,4.41028706510172,5.7001589878614025,4.389584601882187,2366
2021-07-05,71.35,5.1,72.14285714285714,6.0,15.004090577105783,5.419127798581069,4.67061579116252,4.67061579116252,5.5999409624725445,4.489802627271046,5.621033220036808,4.468710369706781,2373
2021-07-12,62.62,3.95,72.0,11.0,14.877977838985535,5.363122615727665,9.726620974015924,9.726620974015924,5.588581596448355,9.501161993295234,5.607596497091803,9.482147092651786,2380
2021-07-19,52.79,0.5,72.42857142857143,8.0,14.706744993810743,5.287080124323038,6.802663465420552,6.802663465420552,5.622659694520924,6.467083895222666,5.637728057770125,6.452015531973465,2387
2021-07-26,59.95,0.15,74.85714285714286,2.0,14.495814552445974,5.193408397627838,0.8963351921157514,0.8963351921157514,5.815768916932145,0.2739746728114456,5.822538215762064,0.26720537398152544,2394
2021-08-02,71.58,0.53,72.85714285714286,6.0,14.251103497874405,5.084735098151441,5.0050084915921484,5.0050084915921484,5.656737792593493,4.433005797150098,5.662592084501294,4.427151505242295,2401
2021-08-09,56.6,3.15,73.85714285714286,7.0,13.978544268621436,4.963694752027637,6.1260488377159525,6.1260488377159525,5.736253354762819,5.353490234980772,5.735250932084059,5.354492657659531,2408
2021-08-16,60.629999999999995,0.04,78.85714285714286,4.0,13.683728621715463,4.832770592746674,3.2569729969969154,3.2569729969969154,6.133831165609449,1.9559124241341417,6.118325241807255,1.9714183479363347,2415
2021-08-23,70.46000000000001,3.6399999999999997,75.57142857142857,2.0,13.371692989323314,4.694199240563067,1.3955443491805228,1.3955443491805228,5.872565747053091,0.2171778426904991,5.857223296719536,0.23252029302405308,2422
2021-08-30,60.61,0.17,78.0,5.0,13.046834496407307,4.5499334069254305,4.539810182818159,4.539810182818159,6.065674969464312,3.0240686202792784,6.039923392737368,3.0498201970062215,2429
2021-09-06,72.91,4.28,71.42857142857143,4.0,12.712931695394627,4.401651102499145,3.688092487244444,3.688092487244444,5.543144132351598,2.5465994573919923,5.523093714032708,2.5666498757108815,2436
2021-09-13,77.41,1.21,73.0,4.0,12.373240567815605,4.250798270364119,3.8389453193794703,3.8389453193794703,5.668097158617681,2.421646431125909,5.6389131647500035,2.450830424993586,2443
2021-09-20,57.49,0.65,69.14285714285714,4.0,12.03063960275298,4.098653213646772,3.9910903760968175,3.9910903760968175,5.3613942759645665,2.728349313779024,5.332841165656837,2.7569024240867526,2450
2021-09-27,62.85,0.6100000000000001,70.0,5.0,11.687803452962294,3.946403714159442,5.1433398755841475,5.1433398755841475,5.429550472109703,3.660193117633887,5.393097425732444,3.6966461640111454,2457
2021-10-04,69.12,1.9300000000000002,62.142857142857146,1.0,11.347389861110942,3.7952300441433264,1.294513545600263,1.294513545600263,4.804785340779285,0.28495824896430566,4.776238265633146,0.3135053241104435,2464
2021-10-11,60.61,0.3,62.714285714285715,6.0,11.012227622035663,3.646388438095018,6.443355151648571,6.443355151648571,4.850222804876043,5.239520784867548,4.814434677576646,5.275308912166944,2471
2021-10-18,69.11,0.33,64.42857142857143,3.0,10.685493608886993,3.501289707993939,3.5884538817496505,3.5884538817496505,4.986535197166316,2.103208392577274,4.941595095404862,2.1481484943387272,2478
2021-10-25,76.5,0.81,57.42857142857143,1.0,10.37086428970918,3.361566530032375,1.7281770597112143,1.7281770597112143,4.429926261981033,0.659817327762557,4.391819415944767,0.697924173798822,2485
2021-11-01,112.3,2.46,53.0,3.0,10.072622260783437,3.2291207548194834,3.860622834924106,3.860622834924106,4.077785915231161,3.0119576745124297,4.042165035578158,3.0475785541654314,2492
2021-11-08,51.0,0.0,45.857142857142854,4.0,9.795692548512866,3.1061395286211777,4.983604061122412,4.983604061122412,3.509817614021689,4.579925975721901,3.4819866023792843,4.607756987364305,2499
2021-11-15,70.9,0.8,50.714285714285715,10.0,9.545579456271474,2.99506724778898,11.09467634195461,11.09467634195461,3.89603605884413,10.19370753089946,3.8547878599917746,10.234955729751814,2506
2021-11-22,77.84,0.5,46.42857142857143,3.0,9.328176666963866,2.898521227541578,4.191222362202011,4.191222362202011,3.5552550781184475,3.5344885116251428,3.5177316918932706,3.572011897850319,2513
2021-11-29,83.89,0.04,37.285714285714285,1.0,9.149436041378262,2.8191446192111114,2.270598970532478,2.270598970532478,2.8282556525703235,2.261487937173267,2.8039579825490244,2.285785607194565,2520
2021-12-06,82.75999999999999,0.27,40.857142857142854,2.0,9.014907458673045,2.7594020588185915,3.330341530924998,3.330341530924998,3.112239803175059,2.977503786568531,3.0789910863945353,3.010752503349054,2527
2021-12-13,82.78,0.3,40.142857142857146,0.0,8.929201056491292,2.7213408542373405,1.368402735506249,1.368402735506249,3.0554429730541126,1.0343006166894777,3.0218987760493787,1.0678448136942107,2534
2021-12-20,79.64,1.13,42.0,3.0,8.895463201941707,2.706358270072611,4.383385319670978,4.383385319670978,3.203114731368575,3.8866288583750155,3.165586765431584,3.9241568243120053,2541
2021-12-27,63.97,0.6499999999999999,33.0,2.0,8.914979333865507,2.7150251545862227,3.3747184351573667,3.3747184351573667,2.4874746718446406,3.6022689178989498,2.466585958751909,3.6231576309916806,2548
2022-01-03,43.18,0.41000000000000003,39.857142857142854,5.0,8.990517666931526,2.7485708393351334,6.341172750408456,6.341172750408456,3.032724241005733,6.057019348737857,3.0008324446090486,6.08891114513454,2555
2022-01-10,88.81,0.61,31.285714285714285,3.0,9.114077778793167,2.803442430907431,4.286301158836158,4.286301158836158,2.351162279554367,4.738581310189224,2.3370616019694164,4.752681987774173,2562
2022-01-17,96.19,0.73,25.142857142857142,1.0,9.283024094062034,2.878469501289646,2.2112740884539432,2.2112740884539432,1.8627095405142218,3.2270340492293688,1.8628481590949297,3.2268954306486597,2569
2022-01-24,80.31,0.2,26.714285714285715,2.0,9.491975733271808,2.9712624652351582,3.118481124508431,3.118481124508431,1.9876625667803056,4.102081022963285,1.988829025054629,4.10091456468896,2576
2022-01-31,79.64,0.48000000000000004,23.285714285714285,0.0,9.735029158153749,3.07919963087405,1.0105439588695395,1.0105439588695395,1.715037782199759,2.3747058075438314,1.7269068986513287,2.3628366910922605,2583
2022-02-07,54.8,2.5,29.142857142857142,0.0,10.00624248995417,3.199642279778244,0.8901013099653454,0.8901013099653454,2.180771789191526,1.9089718005520644,2.187070563733705,1.9026730260098845,2590
2022-02-14,79.64,0.72,37.285714285714285,0.0,10.299999027047086,3.330096100855261,0.7596474888883282,0.7596474888883282,2.8282556525703235,1.2614879371732668,2.825267564972483,1.2644760247711062,2597
2022-02-21,104.9,0.34,34.0,3.0,10.61122939282631,3.468309843612773,3.6214337461308164,3.6214337461308164,2.5669902340139665,4.522753355729623,2.5757091323436265,4.514034457399963,2604
2022-02-28,85.68,1.0499999999999998,33.0,1.0,10.935501936225448,3.6123154639656576,1.4774281257779318,1.4774281257779318,2.4874746718446406,2.6022689178989498,2.5040080672933387,2.5857355224502507,2611
2022-03-07,83.45,0.5700000000000001,37.142857142857146,2.0,11.26900685341337,3.7604210728678265,2.329322516875763,2.329322516875763,2.816896286546134,3.272847303197456,2.8321135751096524,3.257630014633937,2618
2022-03-14,81.64,0.62,38.142857142857146,2.0,11.608463508248152,3.9111697784165056,2.178573811327084,2.178573811327084,2.89641184871546,3.19333174102813,2.916107571735868,3.173636018007721,2625
2022-03-21,63.53,0.25,48.142857142857146,4.0,11.950977410839844,4.063276171715098,4.026467418028491,4.026467418028491,3.6915674704087205,4.39817611933487,3.699520456712101,4.390223133031489,2632
2022-03-28,93.5,1.34,42.285714285714285,4.0,12.293867665351895,4.2155496984724605,3.874193891271129,3.874193891271129,3.2258334634169534,4.863910126326637,3.250730607015816,4.839012982727773,2639
2022-04-04,97.75,0.56,43.714285714285715,3.0,12.634480428727077,4.366811818218378,2.7229317715252117,2.7229317715252117,3.339427123658848,3.750316466084742,3.3680489809360843,3.721694608807505,2646
2022-04-11,80.75999999999999,0.38,48.714285714285715,5.0,12.970000710901822,4.515812426993563,4.573931162750027,4.573931162750027,3.737004934505478,5.352738655238112,3.7627977453414845,5.326945844402105,2653
2022-04-18,84.56,0.65,53.142857142857146,7.0,13.297274428087364,4.66115083330596,6.428592756437629,6.428592756437629,4.089145281255351,7.0005983084882395,4.112989821741749,6.97675376800184,2660
2022-04-25,93.95,0.56,50.142857142857146,2.0,13.612655076822,4.8012076678817595,1.28853592186183,1.28853592186183,3.850598594747373,2.2391449949962174,3.885710233191121,2.2040333565524683,2667
2022-05-02,84.11,0.48,49.285714285714285,2.0,13.91189420039862,4.934096241094891,1.1556473486486984,1.1556473486486984,3.7824423986022357,2.3073011911413546,3.8246465123896796,2.26509707735391,2674
2022-05-09,86.11,0.21,51.142857142857146,1.0,14.190100602018731,5.057644430008731,0.03209915973485877,0.03209915973485877,3.930114156916699,1.1596294328268915,3.9741120227952207,1.1156315669483687,2681
2022-05-16,72.91,0.09999999999999999,60.857142857142854,3.0,14.441797422819974,5.1694200260563985,1.920323563687191,1.920323563687191,4.702551046561579,2.387192543182011,4.733640907507812,2.356102682235777,2688
2022-05-23,70.25,0.12,62.42857142857143,5.0,14.661104708574044,5.266811810762788,3.8229317789808013,3.8229317789808013,4.827504072827664,4.262239516915926,4.859813570445454,4.229930019298135,2695
2022-05-30,78.74,0.73,64.71428571428571,4.0,14.842063051789962,5.347173281393878,2.7425703083497117,2.7425703083497117,5.009253929214694,3.0804896605288965,5.040780914110138,3.048962675633452,2702
2022-06-06,62.2,0.2,61.57142857142857,3.0,14.979087764607083,5.408024343793624,1.6817192459499655,1.6817192459499655,4.759347876682527,2.3303957130610637,4.799097006104454,2.290646583639135,2709
2022-06-13,75.83,1.17,70.57142857142857,3.0,15.067504481594208,5.4472891672838575,1.642454422459732,1.642454422459732,5.474987936206461,1.614755653537129,5.500096837582176,1.5896467521614133,2716
2022-06-20,81.87,0.31,67.0,0.0,15.104076730750787,5.463530472737249,-1.3737868829936595,-1.3737868829936595,5.191003785601725,-1.101260195858135,5.223249484026171,-1.1335058942825817,2723
2022-06-27,70.02,0.65,68.42857142857143,2.0,15.087412704549774,5.456130174810391,0.6336134149331984,0.6336134149331984,5.30459744584362,0.7851461438999703,5.333950732860465,0.755792856883124,2730
2022-07-04,67.77,0.19,74.57142857142857,12.0,15.01815050814467,5.425371648492474,10.664371941251115,10.664371941251115,5.793050184883765,10.296693404859825,5.8100104257653244,10.279733163978264,2737
2022-07-11,76.95,0.05,72.57142857142857,3.0,14.898872460954406,5.372401671447664,1.7173419182959258,1.7173419182959258,5.634019060545113,1.455724529198477,5.652387439819246,1.4373561499243435,2744
2022-07-18,73.38,0.32,75.0,7.0,14.733771580250744,5.2990823133012235,5.790661276442366,5.790661276442366,5.827128282956334,5.262615306787256,5.8380464073179255,5.251697182425664,2751
2022-07-25,81.2,0.02,84.0,8.0,14.528155835508047,5.207770780830383,6.881972808913207,6.881972808913207,6.542768342480268,5.5469752472633225,6.533600462200668,5.556143127542922,2758
2022-08-01,68.44,0.05,77.85714285714286,7.0,14.28790322828006,5.101077425350455,5.988666164393134,5.988666164393134,6.054315603440123,5.035427986303468,6.051808244174235,5.0379353455693545,2765
2022-08-08,77.84,0.11,81.71428571428571,1.0,14.018969032007071,4.981646913712203,0.10809667603138617,0.10809667603138617,6.361018486093236,-1.271274896349646,6.346553997692284,-1.2568104079486941,2772
2022-08-15,62.65,0.14,72.14285714285714,5.0,13.72701010124829,4.851991388453215,4.237752201290374,4.237752201290374,5.5999409624725445,3.489802627271046,5.597380406587525,3.4923631831560646,2779
2022-08-22,70.91,0.45,74.28571428571429,6.0,13.417150148579141,4.714386230030311,5.375357359713278,5.375357359713278,5.770331452835387,4.319412136908204,5.758156313970963,4.331587275772627,2786
2022-08-29,58.85,0.43,73.42857142857143,6.0,13.093878478957244,4.570825085943211,5.5189185038003785,5.5189185038003785,5.70217525669025,4.38756833305334,5.685563067865484,4.404180521878105,2793
2022-09-05,72.03,0.77,71.85714285714286,8.0,12.761057582371846,4.423023242540792,7.666720347202798,7.666720347202798,5.577222230424167,6.5125213593194236,5.557288018812241,6.532455570931348,2800
2022-09-12,56.81,0.53,68.0,0.0,12.422010106143137,4.27245624839569,-0.1827126586521004,-0.1827126586521004,5.270519347771051,-1.180775758027461,5.25128183390234,-1.1615382441587503,2807
2022-09-19,77.62,0.58,66.71428571428571,3.0,12.079658315121305,4.120421846937478,2.9693217428061116,2.9693217428061116,5.168285053553346,1.9214585361902445,5.145032239777046,1.9447113499665436,2814
2022-09-26,80.52,1.05,60.857142857142854,1.0,11.736694705706771,3.968115744131193,1.1216278456123963,1.1216278456123963,4.702551046561579,0.38719254318201113,4.6835396874683575,0.40620390227523195,2821
2022-10-03,89.03,0.02,57.857142857142854,2.0,11.395767828250012,3.816714130018269,2.2730294597253202,2.2730294597253202,4.464004360053601,1.625739229689989,4.444104624164313,1.645638965579276,2828
2022-10-10,76.50999999999999,0.9400000000000001,57.714285714285715,7.0,11.0596708083903,3.6674573988244727,7.422286190919117,7.422286190919117,4.452644994029413,6.6370985957141775,4.426778781357907,6.6629648083856825,2835
2022-10-17,54.129999999999995,2.45,59.57142857142857,4.0,10.73152073802365,3.5217298143776246,4.568013775365965,4.568013775365965,4.600316752343875,3.4894268373997157,4.565013960717913,3.5247296290256767,2842
2022-10-24,64.42999999999999,0.35,55.0,5.0,10.41491489563811,3.3811288857200354,5.708614704023554,5.708614704023554,4.2368170395698135,4.852926550173777,4.2039184757424435,4.885825114001146,2849
2022-10-31,52.349999999999994,0.52,54.57142857142857,5.0,10.114045120815897,3.2475161594788995,5.84222743026469,5.84222743026469,4.202738941497245,4.887004648246346,4.165043100237409,4.92470048950618,2856
2022-11-07,75.6,0.04,62.42857142857143,7.0,9.833745887592578,3.123038568679365,7.966705021064224,7.966705021064224,4.827504072827664,6.262239516915926,4.770406035208678,6.319337554534911,2863
2022-11-14,85.23,0.55,53.42857142857143,1.0,9.579447169403986,3.0101075006221585,2.079636089121431,2.079636089121431,4.111864013303729,0.9778795764398609,4.06633390241308,1.0234096873305099,2870
2022-11-21,90.15,0.79,38.42857142857143,3.0,9.357003981668317,2.911323098750306,4.178420490993283,4.178420490993283,2.9191305807638392,4.1706130089797515,2.896610256012195,4.193133333731394,2877
2022-11-28,77.84,0.65,45.0,2.0,9.172385396368728,2.82933615768507,3.2604074320585195,3.2604074320585195,3.4416614178765528,2.6480821718670375,3.403836397702735,2.6859071920408546,2884
2022-12-05,80.54,0.8200000000000001,42.57142857142857,3.0,9.031230655071528,2.766650998241169,4.32309259150242,4.32309259150242,3.2485521954653325,3.841191394278258,3.212505268400692,3.8772383213428974,2891
2022-12-12,82.76,0.98,40.142857142857146,4.0,8.938317737959364,2.72538946518851,5.36435412455508,5.36435412455508,3.0554429730541126,5.034300616689478,3.0220676261493664,5.067675963594223,2898
2022-12-19,114.55,1.46,36.42857142857143,2.0,8.897030627770473,2.7070543454370637,3.3826892443065257,3.3826892443065257,2.7600994564251873,3.329644133318403,2.732677250701683,3.357066339041906,2905
2022-12-26,103.8,0.8,30.428571428571427,1.0,8.908937183968492,2.7123419069234265,2.377401682820163,2.377401682820163,2.2830060834092305,2.80673750633436,2.266656262051186,2.8230873276924036,2912
2023-01-02,65.10000000000001,0.38999999999999996,42.57142857142857,2.0,8.976840332210228,2.742496895945822,3.3472466937977674,3.3472466937977674,3.2485521954653325,2.841191394278258,3.2114979049773176,2.878245684766272,2919
2023-01-09,61.3,1.08,37.57142857142857,1.0,9.093532870403624,2.7943186788724406,2.295424910871149,2.295424910871149,2.850974384618702,2.238769205124888,2.825124576326943,2.2646190134166466,2926
2023-01-16,89.48,0.8300000000000001,36.285714285714285,4.0,9.25630596381586,2.866604294077103,5.223139295666487,5.223139295666487,2.7487400904009975,5.341003499342593,2.728230402542006,5.3615131872015835,2933
2023-01-23,71.82,2.21,36.42857142857143,2.0,9.459897506918905,2.9570169024213984,3.132726687322191,3.132726687322191,2.7600994564251873,3.329644133318403,2.7431021107954368,3.3466414789481527,2940
2023-01-30,77.17999999999999,1.03,39.42857142857143,5.0,9.698446722119309,3.062953801548084,6.026789788195505,6.026789788195505,2.9986461429331652,6.091097446810425,2.980641036939371,6.109102552804218,2947
2023-02-06,91.93,0.04,26.857142857142858,1.0,9.965991737540723,3.1817673943185945,1.907976195424995,1.907976195424995,1.999021932804495,3.0907216569390954,2.0087092660144923,3.081034323729097,2954
2023-02-13,72.91,0.04,40.0,2.0,10.256852495480263,3.3109352339523,2.7788083557912895,2.7788083557912895,3.044083607029923,3.0456599827136674,3.0353872262085404,3.054356363535049,2961
2023-02-20,75.6,0.08,44.142857142857146,5.0,10.565873055316986,3.4481676278966384,5.641575961846951,5.641575961846951,3.3735052217314165,5.716238368012174,3.3630392591281644,5.726704330615425,2968
2023-02-27,74.93,0.9600000000000001,30.714285714285715,2.0,10.888529476763795,3.591455547509672,2.4982880422339173,2.4982880422339173,2.3057248154576095,3.7840187742859808,2.3255222768065384,3.764221312937051,2975
2023-03-06,94.83000000000001,1.18,37.0,3.0,11.220927313749398,3.7390695151225595,3.35067407462103,3.35067407462103,2.8055369205219445,4.284206669221646,2.820122105397179,4.269621484346411,2982
2023-03-13,85.9,0.4,37.857142857142854,1.0,11.559718170016282,3.8895225473626223,1.2002210423809672,1.2002210423809672,2.873693116667081,2.216050473076509,2.8930027824308855,2.196740807312704,2989
2023-03-20,107.82,2.21,40.42857142857143,0.0,11.901962456910729,4.041509207503015,0.04823438224057419,0.04823438224057419,3.078161705102491,1.011581884641099,3.0991592804788857,0.9905843092647038,2996
2023-03-27,79.85000000000001,0.39,46.57142857142857,2.0,12.244960002411208,4.193830380925694,1.8959132088178956,1.8959132088178956,3.5666144441426364,2.523129145600954,3.582854437986236,2.5068891517573535,3003
2023-04-03,80.07000000000001,0.74,41.714285714285715,0.0,12.58606470692247,4.345310965940781,-0.2555673761971917,-0.2555673761971917,3.1803959993201962,0.9093475904233941,3.2117384364489547,0.8780051532946347,3010
2023-04-10,73.15,0.01,45.285714285714285,2.0,12.92249587336705,4.494716087700545,1.5950275020430444,1.5950275020430444,3.464380149924932,2.6253634398186585,3.495494188004886,2.594249401738703,3017
2023-04-17,69.79,0.08,59.42857142857143,4.0,13.251158002757148,4.640671071533589,3.4490725182100004,3.4490725182100004,4.588957386319685,3.500786203423905,4.60057918591476,3.4891644038288296,3024
2023-04-24,87.46,0.73,49.42857142857143,2.0,13.568482908531637,4.781591327779982,1.308152261963607,1.308152261963607,3.7938017646264255,2.295941825117165,3.82938717858557,2.2603564111580194,3031
2023-05-01,84.11,1.9800000000000002,51.0,3.0,13.870312531699682,4.915630311375617,2.1741132783679724,2.1741132783679724,3.9187547908925087,3.1709887988510816,3.957088238119316,3.1326553516242734,3038
2023-05-08,76.05,0.23,56.42857142857143,7.0,14.151846607935793,5.040656281424999,6.04908730831859,6.04908730831859,4.350410699811707,6.739332889931883,4.384140088755135,6.705603500988454,3045
2023-05-15,75.16,0.0,64.28571428571429,4.0,14.407683947454238,5.154270633107674,2.9354729566359152,2.9354729566359152,4.975175831142127,3.1145677586014635,4.9994328116905375,3.090310778053052,3052
2023-05-22,89.93,1.9400000000000002,60.142857142857146,1.0,14.631985696522975,5.25388040019524,-0.16413681045165074,-0.16413681045165074,4.645754216440633,0.4439893733029576,4.681658443741409,0.4080851460021808,3059
2023-05-29,74.26,0.03,60.714285714285715,1.0,14.818778702691333,5.33683297597883,-0.24708938623524102,-0.24708938623524102,4.691191680537391,0.39855190920619954,4.729521991216312,0.36022159852727764,3066
2023-06-05,79.19,0.62,59.714285714285715,0.0,14.962393056126878,5.400610420227658,-1.310866830484069,-1.310866830484069,4.611676118368065,-0.5219325286244745,4.654474954987172,-0.5647313652435821,3073
2023-06-12,57.040000000000006,0.73,62.285714285714285,1.0,15.057990680982279,5.44306420039436,-0.3533206106507709,-0.3533206106507709,4.816144706803474,0.27359888294011636,4.856063309057259,0.23368028068633073,3080
2023-06-19,61.95,0.9400000000000001,65.14285714285714,4.0,15.102100730273765,5.462652954179778,2.6270906355638113,2.6270906355638113,5.043332027287263,3.0464115624563277,5.078900038168459,3.010843551575131,3087
2023-06-26,60.849999999999994,0.07,67.42857142857143,1.0,15.09305051626598,5.458633860645506,-0.3688902709019164,-0.3688902709019164,5.225081883674294,-0.13533829393070373,5.2563482324586595,-0.16660464271507003,3094
2023-07-03,60.85,2.39,70.71428571428571,4.0,15.031186987309127,5.43116099547084,2.6585825942727492,2.6585825942727492,5.48634730223065,2.6033962875129406,5.510525189435276,2.5792184003083136,3101
2023-07-10,57.7,1.18,73.0,9.0,14.918830055234292,5.381264604198305,7.708478985545284,7.708478985545284,5.668097158617681,7.421646431125909,5.686060039518364,7.403683550225225,3108
2023-07-17,65.75999999999999,1.78,78.0,3.0,14.759970396032864,5.310716899071784,1.779026690671805,1.779026690671805,6.065674969464312,1.0240686202792784,6.0716523907238935,1.018091199019696,3115
2023-07-24,55.7,1.98,75.14285714285714,5.0,14.559790142510582,5.221819204284866,3.867924385458723,3.867924385458723,5.838487648980522,3.251255940763068,5.845925084632269,3.243818505111321,3122
2023-07-31,69.81,4.18,75.71428571428571,6.0,14.324118149582974,5.117160045709213,4.972583544034377,4.972583544034377,5.8839251130772805,4.20581847666631,5.885964155888663,4.203779433854926,3129
2023-08-07,65.77,0.0,70.85714285714286,2.0,14.05892482113233,4.999390809446816,1.0903527802967732,1.0903527802967732,5.497706668254841,0.5920369214887495,5.5036189056552995,0.5861246840882899,3136
2023-08-14,78.96,1.57,75.28571428571429,6.0,13.769927334905905,4.871050426853168,5.218693162890421,5.218693162890421,5.849847015004713,4.239896574738878,5.842397020223064,4.247346569520525,3143
2023-08-21,61.07,2.2700000000000005,70.71428571428571,4.0,13.462334661003787,4.734452140248448,3.355291449495142,3.355291449495142,5.48634730223065,2.6033962875129406,5.48146846818311,2.60827512156048,3150
2023-08-28,63.98,1.79,69.14285714285714,11.0,13.140728490070419,4.591630624528659,10.49811296521493,10.49811296521493,5.3613942759645665,9.728349313779024,5.35340112711597,9.736342462627618,3157
2023-09-04,56.6,0.8400000000000001,69.0,5.0,12.80905707000456,4.444339250121062,4.6454043396225275,4.6454043396225275,5.350034909940377,3.739708679803213,5.336157250863986,3.753586338879604,3164
2023-09-11,46.07,0.72,75.71428571428571,2.0,12.4707125954974,4.294084450767291,1.7956591389762986,1.7956591389762986,5.8839251130772805,0.2058184766663098,5.851637222977708,0.23810636676588182,3171
2023-09-18,76.05,2.25,68.14285714285714,5.0,12.12866461518448,4.1421849680695395,4.94755862167405,4.94755862167405,5.2818787137952405,3.8078648759483498,5.256949769030346,3.8327938207132437,3178
2023-09-25,85.9,0.5,63.0,1.0,11.785627281614351,3.9898461252333703,1.099897464510219,1.099897464510219,4.872941536924421,0.21680205281916898,4.850960792946866,0.23878279679672332,3185
2023-10-02,61.730000000000004,0.27,59.0,2.0,11.444243819243734,3.8382417471334787,2.2515018426101108,2.2515018426101108,4.554879288247117,1.534864301496473,4.5338103548926085,1.555933234850981,3192
2023-10-09,61.07,0.13,63.714285714285715,0.0,11.107275368382158,3.688598023687108,0.40114556605648133,0.40114556605648133,4.929738367045369,-0.8399947773017784,4.893901975668899,-0.8041583859253096,3199
2023-10-16,63.08,0.06,56.142857142857146,2.0,10.777782458657745,3.542274100084555,2.5474694896590346,2.5474694896590346,4.327691967763329,1.7620516219802616,4.29944705424246,1.7902965355011293,3206
2023-10-23,69.79,0.6100000000000001,55.57142857142857,1.0,10.459285554155775,3.4008333729958435,1.6889102167477459,1.6889102167477459,4.282254503666571,0.8074890860770196,4.249144218252292,0.8405993714912974,3213
2023-10-30,60.849999999999994,0.62,60.57142857142857,0.0,10.155886768122562,3.266097542638332,0.8236460471052576,0.8236460471052576,4.679832314513201,-0.5900887247696103,4.632059559615683,-0.5423159698720932,3220
2023-11-06,65.76,0.0,46.42857142857143,1.0,9.872329109382965,3.1401729234134903,1.9495706663300991,1.9495706663300991,3.5552550781184475,1.5344885116251428,3.527809941817081,1.5619336479265082,3227
2023-11-13,74.04,0.21000000000000002,43.0,0.0,9.613964774619769,3.025436362881324,1.0643072268622653,1.0643072268622653,3.282630293537901,0.8071132962056895,3.256601054748929,0.8331425349946606,3234
2023-11-20,71.58,0.1,45.42857142857143,4.0,9.386603755602161,2.924468010012194,5.165275579731396,5.165275579731396,3.475739515949121,4.614004073794469,3.4411069019355325,4.648636687808057,3241
2023-11-27,82.99,1.6199999999999999,40.714285714285715,4.0,9.196223202084886,2.8399222466706595,5.24982134307293,5.24982134307293,3.10088043715087,4.988863152592721,3.0712482477897414,5.018495341953848,3248
2023-12-04,76.29,0.9600000000000001,41.285714285714285,1.0,9.048540725549275,2.7743381968284133,2.315405392915176,2.315405392915176,3.1463179012476274,1.9434256884959629,3.112916973289589,1.9768266164540003,3255
2023-12-11,70.25,2.27,39.285714285714285,0.0,8.948491082069577,2.72990732758382,1.3598362621597695,1.3598362621597695,2.9872867769089755,1.1024568128346148,2.95565011669831,1.1340934730452794,3262
2023-12-18,26.18,0.0,35.75,0.0,8.89968707310587,2.7082340415483888,1.3815095481952007,1.3815095481952007,2.7061424678102872,1.383601121933303,2.679996756151022,1.4097468335925676,3269
